TRIP_ID,area_1,area_2,area_3,area_4,area_5,area_6,area_7,area_8,area_9,area_10,area_11,area_12,area_13,area_14,area_15,MMSI,VESSEL_TYPE
2,NA,NA,NA,NA,NA,NA,NA,NA,NA,NA,NA,NA,NA,NA,1020,203048100,Pleasure Craft
3,NA,NA,NA,NA,NA,NA,NA,NA,NA,NA,NA,NA,480,NA,1980,205741010,Pleasure Craft
4,NA,NA,NA,NA,NA,NA,NA,NA,NA,NA,NA,NA,69120,NA,69120,205864510,Pleasure Craft
7,NA,NA,NA,NA,NA,NA,NA,NA,NA,NA,NA,NA,24120,NA,24120,205864510,Pleasure Craft
8,NA,NA,NA,NA,NA,NA,NA,NA,NA,NA,NA,NA,58680,NA,58680,205864510,Pleasure Craft
9,NA,NA,NA,NA,NA,NA,NA,NA,NA,NA,NA,NA,15120,NA,15120,205864510,Pleasure Craft
10,NA,NA,NA,NA,NA,NA,NA,NA,NA,NA,NA,NA,12600,NA,12600,205864510,Pleasure Craft
12,NA,NA,NA,NA,NA,NA,NA,NA,NA,NA,NA,NA,47220,NA,48780,205864510,Pleasure Craft
13,NA,NA,NA,NA,NA,NA,NA,NA,NA,NA,NA,NA,55740,NA,58080,205864510,Pleasure Craft
14,NA,NA,NA,NA,NA,NA,NA,NA,NA,NA,NA,NA,173400,NA,176400,205864510,Pleasure Craft
17,NA,NA,NA,NA,NA,NA,NA,NA,NA,NA,NA,NA,16560,NA,16560,205864510,Pleasure Craft
18,NA,NA,NA,NA,NA,NA,NA,NA,NA,NA,NA,NA,17640,NA,17640,205864510,Pleasure Craft
20,NA,NA,NA,NA,NA,NA,NA,NA,NA,NA,NA,NA,60480,NA,60480,205864510,Pleasure Craft
21,NA,19080,NA,NA,NA,NA,NA,NA,NA,NA,NA,NA,NA,NA,22680,207137000,General Cargo
22,NA,NA,NA,NA,NA,NA,NA,NA,NA,NA,NA,NA,13140,NA,14220,207337000,Pleasure Craft
23,NA,NA,NA,NA,NA,NA,NA,NA,NA,NA,NA,NA,NA,NA,97260,209098000,Container Ship
24,NA,NA,NA,NA,NA,NA,NA,NA,NA,NA,NA,NA,NA,NA,107760,209098000,Container Ship
25,NA,NA,NA,NA,NA,NA,NA,NA,NA,NA,NA,NA,NA,NA,40860,209283000,Container Ship
26,NA,NA,NA,NA,NA,NA,NA,NA,NA,NA,NA,NA,NA,NA,80700,209283000,Container Ship
27,NA,NA,NA,NA,NA,NA,NA,NA,NA,NA,NA,NA,NA,NA,45360,209283000,Container Ship
28,NA,NA,NA,NA,NA,NA,NA,NA,NA,NA,NA,NA,NA,NA,55140,209283000,Container Ship
29,NA,NA,NA,NA,NA,NA,NA,12840,NA,NA,NA,NA,NA,NA,18060,209366000,General Cargo
31,NA,NA,49500,NA,NA,NA,NA,NA,NA,NA,NA,NA,NA,NA,51420,209857000,Container Ship
32,NA,NA,4500,NA,NA,NA,NA,NA,NA,NA,NA,NA,NA,NA,5880,209857000,Container Ship
33,NA,NA,36600,NA,NA,NA,NA,NA,NA,NA,NA,NA,NA,NA,38160,209857000,Container Ship
34,NA,NA,NA,NA,NA,NA,NA,NA,NA,NA,10500,NA,NA,NA,16440,210047000,General Cargo
36,NA,NA,36960,NA,NA,NA,NA,NA,NA,NA,NA,NA,NA,NA,38220,210585000,Container Ship
37,NA,NA,26580,NA,NA,NA,NA,NA,NA,NA,NA,NA,NA,NA,27720,210585000,Container Ship
39,NA,NA,58140,NA,NA,NA,NA,NA,NA,NA,NA,NA,NA,NA,61260,210585000,Container Ship
41,NA,NA,NA,NA,NA,NA,NA,NA,NA,NA,NA,NA,NA,NA,27840,210757000,Container Ship
42,NA,NA,NA,23280,NA,NA,NA,NA,NA,NA,NA,NA,NA,NA,25800,210757000,Container Ship
43,NA,NA,NA,NA,NA,NA,NA,NA,NA,NA,NA,NA,NA,NA,1380,210831000,Bulk Carrier
44,NA,NA,60120,NA,NA,NA,NA,NA,NA,NA,NA,NA,NA,NA,61800,210903000,Container Ship
45,NA,NA,71280,NA,NA,NA,NA,NA,NA,NA,NA,NA,NA,NA,72840,210903000,Container Ship
47,NA,NA,NA,NA,NA,NA,NA,NA,NA,NA,NA,NA,NA,NA,87300,211215500,Fishery Research Vessel
48,NA,NA,34500,NA,NA,NA,NA,NA,NA,NA,NA,NA,NA,NA,36420,211217360,Container Ship
49,NA,NA,27240,NA,NA,NA,NA,NA,NA,NA,NA,NA,NA,NA,29100,211217360,Container Ship
50,NA,NA,27e3,NA,NA,NA,NA,NA,NA,NA,NA,NA,NA,NA,28680,211217360,Container Ship
51,NA,NA,25380,NA,NA,NA,NA,NA,NA,NA,NA,NA,NA,NA,27240,211217360,Container Ship
52,NA,NA,27240,NA,NA,NA,NA,NA,NA,NA,NA,NA,NA,NA,29400,211217360,Container Ship
53,NA,NA,96480,NA,NA,NA,NA,NA,NA,NA,NA,NA,NA,NA,98940,211382280,Container Ship
54,NA,NA,NA,NA,NA,NA,NA,NA,NA,NA,NA,NA,632220,NA,632220,211513610,Pleasure Craft
55,NA,NA,NA,NA,NA,NA,NA,NA,NA,NA,NA,NA,1817940,NA,1817940,211513610,Pleasure Craft
56,NA,NA,NA,NA,NA,NA,NA,NA,NA,NA,NA,NA,18300,NA,18300,211513610,Pleasure Craft
57,NA,NA,NA,NA,NA,NA,NA,NA,NA,NA,NA,NA,77940,NA,77940,211513610,Pleasure Craft
58,NA,NA,NA,NA,NA,NA,NA,NA,NA,NA,NA,NA,17460,NA,17460,211513610,Pleasure Craft
59,NA,NA,NA,NA,NA,NA,NA,NA,NA,NA,NA,NA,1620,NA,2760,211609680,Pleasure Craft
60,NA,NA,NA,NA,NA,NA,NA,NA,NA,NA,NA,NA,6840,NA,9900,211609680,Pleasure Craft
61,NA,NA,NA,NA,NA,NA,NA,NA,NA,NA,NA,NA,1980,NA,2880,211609680,Pleasure Craft
64,NA,NA,NA,NA,NA,NA,NA,NA,6660,NA,NA,NA,NA,NA,19140,212136000,General Cargo
66,NA,NA,NA,NA,NA,NA,NA,NA,NA,NA,NA,NA,NA,NA,36e3,212477000,Container Ship
67,NA,NA,NA,NA,NA,NA,NA,NA,NA,NA,NA,NA,NA,NA,13920,212477000,Container Ship
68,NA,NA,NA,NA,NA,NA,NA,NA,NA,NA,33e3,NA,NA,NA,37200,212634000,General Cargo
69,NA,NA,20460,NA,NA,NA,NA,NA,NA,NA,NA,NA,NA,NA,23400,212740000,Container Ship
70,NA,NA,18120,NA,NA,NA,NA,NA,NA,NA,NA,NA,NA,NA,20280,212740000,Container Ship
71,NA,NA,25680,NA,NA,NA,NA,NA,NA,NA,NA,NA,NA,NA,27960,212740000,Container Ship
72,NA,NA,16260,NA,NA,NA,NA,NA,NA,NA,NA,NA,NA,NA,19320,212740000,Container Ship
73,NA,NA,NA,NA,NA,NA,NA,NA,NA,NA,NA,NA,NA,NA,91440,212772000,Cargo/Containership
74,NA,NA,11400,NA,NA,NA,NA,NA,NA,NA,NA,NA,NA,NA,13380,212777000,Container Ship
75,NA,NA,81480,NA,NA,NA,NA,NA,NA,NA,NA,NA,NA,NA,83220,212777000,Container Ship
76,NA,NA,69420,NA,NA,NA,NA,NA,NA,NA,NA,NA,NA,NA,72480,212777000,Container Ship
77,NA,NA,64020,NA,NA,NA,NA,NA,NA,NA,NA,NA,NA,NA,65940,212903000,Container Ship
78,NA,NA,55620,NA,NA,NA,NA,NA,NA,NA,NA,NA,NA,NA,58080,212903000,Container Ship
79,NA,NA,9240,NA,NA,NA,NA,NA,NA,NA,NA,NA,NA,NA,10260,212903000,Container Ship
80,NA,NA,38040,NA,NA,NA,NA,NA,NA,NA,NA,NA,NA,NA,38880,212903000,Container Ship
81,NA,NA,25140,NA,NA,NA,NA,NA,NA,NA,NA,NA,NA,NA,27e3,212903000,Container Ship
82,NA,NA,41820,NA,NA,NA,NA,NA,NA,NA,NA,NA,NA,NA,43200,212903000,Container Ship
84,NA,NA,NA,NA,NA,NA,NA,NA,NA,NA,NA,NA,NA,NA,63420,215107000,Tanker
85,NA,NA,NA,NA,NA,NA,NA,NA,NA,NA,NA,NA,NA,NA,80820,215107000,Tanker
86,NA,NA,NA,NA,NA,NA,NA,NA,NA,NA,NA,NA,NA,NA,82980,215107000,Tanker
87,NA,NA,NA,NA,NA,NA,NA,NA,NA,NA,NA,NA,NA,NA,34260,215143000,Bulk Carrier
88,NA,NA,NA,NA,NA,NA,NA,NA,NA,NA,NA,NA,NA,NA,38280,215228000,Bulk Carrier
89,NA,38940,NA,NA,NA,NA,NA,NA,NA,NA,NA,NA,NA,NA,42300,215825000,Tanker
90,NA,NA,NA,NA,NA,NA,NA,NA,NA,NA,24900,NA,NA,NA,28740,219148000,Tanker
91,NA,24360,NA,NA,NA,NA,NA,NA,NA,NA,NA,NA,NA,NA,27600,219473000,Tanker
93,NA,NA,NA,NA,NA,NA,NA,NA,NA,NA,NA,NA,NA,NA,130380,220502000,Tanker
94,NA,NA,NA,NA,NA,NA,NA,NA,NA,NA,21240,NA,NA,NA,81300,220540000,General Cargo
95,NA,NA,NA,NA,NA,NA,NA,35280,NA,NA,NA,NA,NA,NA,39780,220637000,Tanker
96,NA,NA,NA,NA,NA,NA,NA,NA,NA,NA,NA,9480,NA,NA,27660,224016190,Port Tender
97,NA,NA,NA,NA,NA,NA,NA,NA,NA,NA,NA,7800,NA,NA,15480,224016190,Port Tender
98,NA,NA,180,NA,NA,NA,NA,NA,NA,NA,NA,10380,NA,NA,37800,224016190,Port Tender
99,NA,NA,120,NA,NA,NA,NA,NA,NA,NA,NA,29340,NA,NA,67920,224016190,Port Tender
101,NA,NA,NA,NA,NA,NA,NA,NA,NA,NA,NA,840,NA,NA,5940,224016190,Port Tender
102,NA,NA,NA,NA,NA,NA,NA,NA,NA,NA,NA,NA,NA,NA,5640,224016190,Port Tender
103,NA,NA,NA,NA,NA,NA,NA,NA,NA,NA,NA,NA,NA,NA,5580,224016190,Port Tender
104,NA,NA,NA,NA,NA,NA,NA,NA,NA,NA,NA,NA,NA,NA,2700,224016190,Port Tender
105,NA,NA,NA,NA,NA,NA,NA,NA,NA,NA,NA,NA,NA,NA,1020,224016190,Port Tender
106,NA,NA,NA,NA,NA,NA,NA,NA,NA,NA,NA,NA,NA,NA,57900,224016190,Port Tender
107,NA,NA,NA,NA,NA,NA,NA,NA,NA,NA,NA,NA,NA,NA,136800,224016190,Port Tender
108,NA,NA,NA,NA,NA,NA,NA,NA,NA,NA,NA,2700,NA,NA,14940,224016190,Port Tender
109,NA,NA,NA,NA,NA,NA,NA,NA,NA,NA,NA,120,NA,NA,4740,224016190,Port Tender
110,NA,NA,NA,NA,NA,NA,NA,NA,NA,NA,NA,28920,NA,NA,41340,224016190,Port Tender
111,NA,NA,NA,NA,NA,NA,NA,NA,NA,NA,NA,3840,NA,NA,7200,224016190,Port Tender
112,NA,NA,NA,NA,NA,NA,NA,NA,NA,NA,NA,51120,NA,NA,60720,224016190,Port Tender
113,NA,NA,NA,NA,NA,NA,NA,NA,NA,NA,NA,11520,NA,NA,13860,224016190,Port Tender
114,NA,NA,NA,NA,NA,NA,NA,NA,NA,NA,NA,1380,NA,NA,7680,224016190,Port Tender
115,NA,NA,NA,NA,NA,NA,NA,NA,NA,NA,NA,NA,NA,NA,2040,224016190,Port Tender
117,NA,NA,NA,NA,NA,NA,NA,NA,NA,NA,NA,2100,NA,NA,14220,224016190,Port Tender
118,NA,NA,NA,NA,NA,NA,NA,NA,NA,NA,NA,3780,NA,NA,8760,224016190,Port Tender
119,NA,NA,NA,NA,NA,NA,NA,NA,NA,NA,NA,2340,NA,NA,4560,224016190,Port Tender
120,NA,NA,NA,NA,NA,NA,NA,NA,NA,NA,NA,73200,NA,NA,78300,224016190,Port Tender
121,NA,NA,NA,NA,NA,NA,NA,NA,NA,NA,NA,12360,NA,NA,15180,224016190,Port Tender
124,NA,NA,NA,NA,NA,NA,NA,NA,NA,NA,NA,52380,NA,NA,52380,224016190,Port Tender
125,NA,NA,NA,NA,NA,NA,NA,NA,NA,NA,NA,2640,NA,NA,3900,224016190,Port Tender
126,NA,NA,NA,NA,NA,NA,NA,NA,NA,NA,NA,1620,NA,NA,2940,224016190,Port Tender
127,NA,NA,NA,NA,NA,NA,NA,NA,NA,NA,NA,4800,NA,NA,19200,224016190,Port Tender
128,NA,NA,NA,NA,NA,NA,NA,NA,NA,NA,NA,4200,NA,NA,18540,224016190,Port Tender
129,NA,NA,120,NA,NA,NA,NA,NA,NA,1500,NA,27780,NA,NA,45840,224016190,Port Tender
131,NA,NA,NA,NA,NA,NA,NA,NA,NA,NA,NA,26460,NA,NA,34500,224016190,Port Tender
132,NA,NA,NA,NA,NA,NA,NA,NA,NA,NA,NA,3120,NA,NA,13140,224016190,Port Tender
133,NA,NA,NA,NA,NA,NA,NA,NA,NA,NA,NA,1500,NA,NA,6960,224016190,Port Tender
134,NA,NA,NA,NA,NA,NA,NA,NA,NA,NA,NA,NA,NA,NA,4680,224016190,Port Tender
135,NA,NA,NA,NA,NA,NA,NA,NA,NA,NA,NA,120,NA,NA,4380,224016190,Port Tender
136,NA,NA,NA,NA,NA,NA,NA,NA,NA,NA,NA,NA,NA,NA,1980,224016190,Port Tender
137,NA,NA,NA,NA,NA,NA,NA,NA,NA,NA,NA,120,NA,NA,9e3,224016190,Port Tender
138,NA,NA,NA,NA,120,NA,NA,NA,NA,NA,NA,3240,NA,NA,12780,224016190,Port Tender
139,NA,NA,NA,NA,NA,NA,NA,NA,NA,NA,NA,2340,NA,NA,4440,224016190,Port Tender
140,NA,NA,NA,NA,NA,NA,NA,NA,NA,NA,NA,7980,NA,NA,9060,224016190,Port Tender
141,NA,NA,NA,NA,NA,NA,NA,NA,NA,NA,NA,41220,NA,NA,61440,224016190,Port Tender
142,NA,NA,NA,NA,NA,NA,NA,NA,NA,NA,NA,NA,NA,NA,5160,224016190,Port Tender
143,NA,NA,NA,NA,NA,NA,NA,NA,NA,NA,NA,180,NA,NA,2400,224016190,Port Tender
144,NA,NA,NA,NA,NA,NA,NA,NA,NA,NA,NA,NA,NA,NA,14160,224016440,Motor Hopper
146,NA,NA,NA,NA,NA,NA,NA,NA,NA,NA,NA,NA,NA,NA,5760,224016440,Motor Hopper
147,NA,NA,NA,118680,NA,NA,NA,NA,NA,NA,NA,NA,NA,NA,123300,224020910,Tug
148,NA,NA,NA,NA,NA,NA,NA,NA,NA,120,NA,NA,NA,NA,960,224024810,Tug
149,NA,NA,NA,NA,NA,NA,NA,NA,NA,NA,NA,NA,NA,NA,15120,224024810,Tug
150,NA,NA,NA,NA,NA,NA,NA,NA,NA,NA,NA,NA,NA,NA,15120,224024810,Tug
153,NA,NA,NA,16620,NA,NA,NA,NA,NA,NA,NA,NA,NA,NA,19800,224029000,Vehicles Carrier
154,NA,NA,NA,24240,NA,NA,NA,NA,NA,NA,NA,NA,NA,NA,26340,224029000,Vehicles Carrier
155,NA,NA,NA,20520,NA,NA,NA,NA,NA,NA,NA,NA,NA,NA,23520,224029000,Vehicles Carrier
156,NA,NA,NA,17460,NA,NA,NA,NA,NA,NA,NA,NA,NA,NA,20100,224029000,Vehicles Carrier
157,NA,NA,NA,19500,NA,NA,NA,NA,NA,NA,NA,NA,NA,NA,21780,224029000,Vehicles Carrier
158,NA,NA,NA,NA,NA,NA,NA,NA,NA,NA,NA,NA,300,NA,660,224049950,SAR
159,NA,NA,NA,NA,NA,NA,NA,NA,NA,NA,NA,NA,33180,NA,33360,224049950,SAR
160,NA,NA,NA,NA,NA,NA,NA,NA,NA,NA,NA,NA,31860,NA,31860,224049950,SAR
161,NA,NA,NA,NA,NA,NA,NA,NA,NA,NA,NA,NA,31860,NA,31860,224049950,SAR
162,NA,NA,NA,NA,NA,NA,NA,NA,NA,NA,NA,NA,480,NA,840,224049950,SAR
163,NA,NA,NA,NA,NA,NA,NA,NA,NA,NA,NA,NA,NA,NA,5880,224049950,SAR
164,NA,NA,NA,NA,NA,NA,NA,NA,NA,NA,NA,NA,28500,NA,28500,224049950,SAR
165,NA,NA,NA,NA,NA,NA,NA,NA,NA,NA,NA,NA,30420,NA,30420,224049950,SAR
166,NA,NA,NA,NA,NA,NA,NA,NA,NA,NA,NA,NA,2820,NA,3e3,224049950,SAR
167,NA,NA,NA,NA,NA,NA,NA,NA,NA,NA,NA,NA,20700,NA,20880,224049950,SAR
168,NA,NA,NA,NA,NA,NA,NA,NA,NA,NA,NA,NA,33300,NA,33300,224049950,SAR
169,NA,NA,NA,NA,NA,NA,NA,NA,NA,NA,NA,NA,28260,NA,29340,224049950,SAR
170,NA,NA,NA,NA,NA,NA,NA,NA,NA,NA,NA,NA,30600,NA,30600,224049950,SAR
171,NA,NA,NA,NA,NA,NA,NA,NA,NA,NA,NA,NA,21600,NA,21600,224049950,SAR
172,NA,NA,NA,NA,NA,NA,540,NA,NA,NA,NA,NA,21240,NA,24480,224049950,SAR
173,NA,NA,NA,NA,NA,NA,NA,NA,NA,NA,NA,NA,22860,NA,22860,224049950,SAR
174,NA,NA,NA,NA,NA,NA,NA,NA,NA,NA,NA,NA,23220,NA,23220,224049950,SAR
176,NA,NA,NA,NA,NA,NA,NA,NA,NA,NA,NA,NA,38340,NA,38340,224049950,SAR
177,NA,NA,NA,NA,NA,NA,NA,NA,NA,NA,NA,NA,43260,NA,44280,224049950,SAR
178,NA,NA,NA,NA,NA,NA,NA,NA,NA,NA,NA,NA,20160,NA,20160,224049950,SAR
179,NA,NA,NA,NA,NA,NA,NA,NA,NA,NA,NA,NA,20520,NA,20520,224049950,SAR
180,NA,NA,NA,NA,NA,NA,NA,NA,NA,NA,NA,NA,20340,NA,20340,224049950,SAR
181,NA,NA,NA,NA,NA,NA,NA,NA,NA,NA,NA,NA,NA,NA,3420,224049950,SAR
182,NA,NA,NA,NA,NA,NA,NA,NA,NA,NA,NA,NA,300,NA,480,224049950,SAR
184,NA,NA,NA,NA,NA,NA,NA,NA,NA,NA,NA,NA,21960,NA,21960,224049950,SAR
185,NA,NA,NA,NA,NA,NA,NA,NA,NA,NA,NA,NA,NA,30240,30240,224050350,Pleasure Craft
186,NA,NA,NA,NA,NA,NA,NA,NA,NA,NA,NA,NA,NA,13680,13680,224050350,Pleasure Craft
187,NA,NA,NA,NA,NA,NA,NA,NA,NA,NA,NA,NA,NA,26640,26640,224050350,Pleasure Craft
188,NA,NA,NA,NA,NA,NA,NA,NA,NA,NA,NA,NA,NA,30240,30240,224050350,Pleasure Craft
190,NA,NA,NA,NA,NA,NA,NA,NA,NA,NA,NA,NA,NA,38880,38880,224050350,Pleasure Craft
192,NA,NA,NA,NA,NA,NA,NA,NA,NA,NA,NA,NA,NA,26220,26220,224050350,Pleasure Craft
193,NA,NA,NA,NA,NA,NA,NA,NA,NA,NA,NA,NA,NA,90360,90360,224050350,Pleasure Craft
194,NA,NA,NA,NA,NA,NA,NA,NA,NA,NA,NA,NA,NA,36360,36360,224050350,Pleasure Craft
196,NA,NA,NA,NA,NA,NA,NA,NA,NA,NA,NA,NA,NA,29520,29520,224050350,Pleasure Craft
197,NA,NA,NA,NA,NA,NA,NA,NA,NA,NA,NA,NA,NA,63720,63720,224050350,Pleasure Craft
198,NA,NA,NA,NA,NA,NA,NA,NA,NA,NA,NA,NA,NA,13500,13500,224050350,Pleasure Craft
199,NA,NA,NA,NA,NA,NA,NA,NA,NA,NA,NA,NA,NA,18e3,18e3,224050350,Pleasure Craft
200,NA,NA,NA,NA,NA,NA,NA,NA,NA,NA,NA,NA,NA,47520,47520,224050350,Pleasure Craft
201,NA,NA,NA,NA,NA,NA,NA,NA,NA,NA,NA,NA,NA,33120,33120,224050350,Pleasure Craft
202,NA,NA,NA,NA,NA,NA,NA,NA,NA,NA,NA,NA,NA,23040,23040,224050350,Pleasure Craft
203,NA,NA,NA,NA,NA,NA,NA,NA,NA,NA,NA,NA,NA,88500,88500,224050350,Pleasure Craft
204,NA,NA,NA,NA,NA,NA,NA,NA,NA,NA,NA,NA,NA,27660,27660,224050350,Pleasure Craft
205,NA,NA,NA,NA,NA,NA,NA,NA,NA,NA,NA,NA,NA,38820,38820,224050350,Pleasure Craft
207,NA,NA,NA,NA,NA,NA,NA,NA,NA,NA,NA,NA,NA,123120,123120,224050350,Pleasure Craft
210,NA,NA,NA,NA,NA,NA,NA,NA,NA,NA,NA,NA,NA,75600,75600,224050350,Pleasure Craft
211,NA,NA,NA,NA,NA,NA,NA,NA,NA,NA,NA,NA,NA,165540,165540,224050350,Pleasure Craft
212,NA,NA,NA,NA,NA,NA,NA,NA,NA,NA,NA,NA,NA,14400,14400,224050350,Pleasure Craft
213,NA,NA,NA,NA,NA,NA,NA,NA,NA,NA,NA,NA,NA,42840,42840,224050350,Pleasure Craft
214,NA,NA,NA,NA,NA,NA,NA,NA,NA,NA,NA,NA,NA,92880,92880,224050350,Pleasure Craft
216,NA,NA,NA,NA,NA,NA,NA,NA,NA,NA,NA,NA,NA,28080,28080,224050350,Pleasure Craft
217,NA,NA,NA,NA,NA,NA,NA,NA,NA,NA,NA,NA,NA,81300,81300,224050350,Pleasure Craft
218,NA,NA,NA,NA,NA,NA,NA,NA,NA,NA,NA,NA,NA,38880,38880,224050350,Pleasure Craft
220,NA,NA,NA,NA,NA,NA,NA,NA,NA,NA,NA,NA,NA,26880,26880,224050350,Pleasure Craft
221,NA,NA,NA,NA,NA,NA,NA,NA,NA,NA,NA,NA,NA,19080,19080,224050350,Pleasure Craft
222,NA,NA,NA,NA,NA,NA,NA,NA,NA,NA,NA,NA,NA,46440,46440,224050350,Pleasure Craft
223,NA,NA,NA,NA,NA,NA,NA,NA,NA,NA,NA,NA,NA,19260,19260,224050350,Pleasure Craft
225,NA,NA,NA,NA,NA,NA,NA,NA,NA,NA,NA,NA,NA,NA,6540,224060250,Port Tender
226,NA,NA,NA,NA,NA,NA,NA,NA,NA,NA,NA,NA,NA,NA,8940,224060250,Port Tender
227,NA,NA,NA,NA,NA,NA,NA,NA,NA,NA,NA,NA,NA,NA,2820,224060250,Port Tender
228,NA,NA,NA,NA,NA,NA,NA,NA,NA,NA,NA,NA,NA,NA,1980,224060250,Port Tender
229,NA,NA,NA,NA,NA,NA,NA,NA,NA,NA,NA,NA,NA,NA,7020,224060250,Port Tender
230,NA,NA,NA,NA,NA,NA,NA,NA,NA,NA,NA,NA,NA,NA,11100,224060250,Port Tender
231,NA,NA,NA,NA,NA,NA,NA,NA,NA,NA,NA,NA,NA,NA,3540,224060250,Port Tender
233,NA,NA,NA,NA,NA,NA,NA,NA,NA,NA,NA,NA,NA,NA,960,224060250,Port Tender
234,NA,NA,NA,NA,NA,NA,NA,NA,NA,NA,NA,NA,NA,NA,4740,224060250,Port Tender
235,NA,NA,NA,NA,NA,NA,NA,NA,NA,NA,NA,NA,NA,NA,5160,224060250,Port Tender
237,NA,NA,NA,NA,NA,NA,NA,NA,NA,NA,NA,NA,NA,NA,17220,224060250,Port Tender
238,NA,NA,NA,NA,NA,NA,NA,NA,NA,NA,NA,NA,NA,NA,2160,224060250,Port Tender
239,NA,NA,NA,NA,NA,NA,NA,NA,NA,NA,NA,NA,NA,NA,2760,224060250,Port Tender
240,NA,NA,NA,NA,NA,NA,NA,NA,NA,NA,NA,NA,NA,NA,2400,224060250,Port Tender
241,NA,NA,NA,NA,NA,NA,NA,NA,NA,NA,NA,NA,NA,NA,5340,224060250,Port Tender
242,NA,NA,NA,NA,NA,NA,NA,NA,NA,NA,NA,NA,NA,NA,3660,224060250,Port Tender
243,NA,NA,NA,NA,NA,NA,NA,NA,NA,NA,NA,NA,NA,NA,9660,224060250,Port Tender
244,NA,NA,NA,NA,NA,NA,NA,NA,NA,NA,NA,NA,NA,NA,25740,224060250,Port Tender
245,NA,NA,NA,NA,NA,NA,NA,NA,NA,NA,NA,NA,NA,NA,10980,224060250,Port Tender
246,NA,NA,NA,NA,NA,NA,NA,NA,NA,NA,NA,NA,NA,NA,8760,224060250,Port Tender
247,NA,NA,NA,NA,NA,NA,NA,NA,NA,NA,NA,NA,NA,NA,4200,224060250,Port Tender
248,NA,NA,NA,NA,NA,NA,NA,NA,NA,NA,NA,NA,NA,NA,10800,224060250,Port Tender
249,NA,NA,NA,NA,NA,NA,NA,NA,NA,NA,NA,NA,NA,NA,4560,224060250,Port Tender
250,NA,NA,NA,NA,NA,NA,NA,NA,NA,NA,NA,NA,NA,NA,6240,224063640,Pleasure Craft
251,NA,NA,NA,NA,NA,NA,NA,NA,NA,NA,NA,NA,NA,960,7980,224063640,Pleasure Craft
254,NA,NA,NA,NA,NA,NA,NA,NA,NA,NA,NA,NA,NA,2100,3600,224063640,Pleasure Craft
255,NA,NA,NA,NA,NA,NA,NA,NA,NA,NA,NA,NA,7200,NA,8220,224070890,Pleasure Craft
256,NA,NA,NA,NA,NA,NA,NA,NA,NA,NA,NA,NA,15540,NA,15540,224070890,Pleasure Craft
257,NA,NA,NA,NA,NA,NA,NA,NA,NA,NA,NA,NA,10020,NA,10020,224070890,Pleasure Craft
259,NA,NA,NA,NA,NA,NA,NA,NA,NA,NA,NA,NA,56460,NA,56460,224070890,Pleasure Craft
260,NA,NA,NA,NA,NA,NA,NA,NA,NA,NA,NA,NA,82020,NA,82020,224070890,Pleasure Craft
263,NA,NA,NA,NA,NA,NA,NA,NA,NA,NA,NA,NA,NA,NA,240,224070890,Pleasure Craft
265,NA,NA,NA,NA,NA,NA,NA,NA,NA,NA,NA,NA,NA,NA,420,224080480,Fishing Vessel
266,NA,NA,NA,NA,NA,NA,NA,NA,NA,NA,NA,NA,NA,NA,600,224080480,Fishing Vessel
267,NA,NA,NA,NA,NA,NA,NA,NA,NA,NA,NA,NA,NA,NA,420,224080480,Fishing Vessel
268,NA,NA,NA,NA,NA,NA,NA,NA,NA,NA,NA,NA,10380,NA,12060,224080480,Fishing Vessel
269,NA,NA,NA,NA,NA,NA,NA,NA,NA,NA,NA,NA,120,NA,720,224080480,Fishing Vessel
270,NA,NA,NA,NA,NA,NA,NA,NA,NA,NA,NA,NA,NA,NA,18720,224091140,Tug
271,NA,NA,NA,NA,NA,NA,NA,NA,NA,NA,NA,NA,NA,NA,1080,224091140,Tug
272,NA,NA,NA,NA,NA,NA,NA,NA,NA,NA,NA,NA,NA,NA,720,224091140,Tug
273,120,NA,11340,NA,NA,NA,12480,NA,NA,NA,NA,NA,NA,NA,474660,224101930,Tanker
274,360,37740,55620,117e3,NA,NA,NA,NA,NA,NA,159300,NA,NA,NA,1192680,224101930,Tanker
275,NA,NA,NA,NA,NA,NA,NA,NA,NA,NA,NA,NA,720,NA,2280,224121420,Pleasure Craft
276,NA,NA,NA,NA,NA,NA,NA,NA,NA,NA,NA,NA,180,NA,1200,224121420,Pleasure Craft
277,NA,NA,NA,NA,NA,NA,NA,NA,NA,NA,NA,NA,NA,NA,1320,224121420,Pleasure Craft
278,NA,NA,NA,NA,NA,NA,NA,NA,NA,NA,NA,NA,8400,NA,10620,224121420,Pleasure Craft
279,NA,NA,NA,NA,NA,NA,NA,NA,NA,NA,NA,NA,1560,NA,4440,224121420,Pleasure Craft
280,NA,NA,NA,NA,NA,NA,NA,NA,NA,NA,NA,NA,1860,NA,2820,224121420,Pleasure Craft
281,NA,NA,NA,NA,NA,NA,NA,NA,NA,NA,NA,NA,240,NA,1800,224121420,Pleasure Craft
282,NA,NA,NA,NA,NA,NA,NA,NA,NA,NA,NA,NA,16200,NA,16200,224123390,Pleasure Craft
283,NA,NA,NA,NA,NA,NA,NA,NA,NA,NA,NA,NA,191880,NA,191880,224123390,Pleasure Craft
284,NA,NA,NA,NA,NA,NA,NA,NA,NA,NA,NA,NA,12960,NA,12960,224123390,Pleasure Craft
286,NA,NA,NA,NA,NA,NA,NA,NA,NA,NA,NA,NA,32400,NA,32400,224123390,Pleasure Craft
290,NA,NA,NA,NA,NA,NA,NA,NA,NA,NA,NA,NA,21600,NA,21600,224123390,Pleasure Craft
291,NA,NA,NA,NA,NA,NA,NA,NA,NA,NA,NA,NA,13620,NA,13620,224123390,Pleasure Craft
293,NA,NA,NA,NA,NA,NA,NA,NA,NA,NA,NA,NA,28080,NA,28080,224123390,Pleasure Craft
294,NA,NA,NA,NA,NA,NA,NA,NA,NA,NA,NA,NA,55440,NA,55440,224123390,Pleasure Craft
295,NA,NA,NA,NA,NA,NA,NA,NA,NA,NA,NA,NA,59400,NA,59400,224123390,Pleasure Craft
296,NA,NA,NA,NA,NA,NA,NA,NA,NA,NA,NA,NA,16200,NA,16200,224123390,Pleasure Craft
299,NA,NA,NA,NA,NA,NA,NA,NA,NA,NA,NA,NA,38880,NA,38880,224123390,Pleasure Craft
300,NA,NA,NA,NA,NA,NA,NA,NA,NA,NA,NA,NA,32040,NA,32040,224123390,Pleasure Craft
301,NA,NA,NA,NA,NA,NA,NA,NA,NA,NA,NA,NA,13260,NA,13260,224123390,Pleasure Craft
306,NA,NA,NA,NA,NA,NA,NA,NA,NA,NA,NA,NA,12960,NA,12960,224123390,Pleasure Craft
308,NA,NA,NA,NA,NA,NA,NA,NA,NA,NA,NA,NA,27720,NA,27720,224123390,Pleasure Craft
309,NA,NA,NA,NA,NA,NA,NA,NA,NA,NA,NA,NA,31320,NA,31320,224123390,Pleasure Craft
312,NA,NA,NA,NA,NA,NA,NA,NA,NA,NA,NA,NA,12240,NA,12240,224123390,Pleasure Craft
313,NA,NA,NA,NA,NA,NA,NA,NA,NA,NA,NA,NA,23760,NA,23760,224123390,Pleasure Craft
314,NA,NA,NA,NA,NA,NA,NA,NA,NA,NA,NA,NA,100620,NA,100620,224123390,Pleasure Craft
315,NA,NA,NA,NA,NA,NA,NA,NA,NA,NA,NA,NA,114840,NA,114840,224123390,Pleasure Craft
317,NA,NA,NA,NA,NA,NA,NA,NA,NA,NA,NA,NA,32340,NA,32340,224123390,Pleasure Craft
318,NA,NA,NA,NA,NA,NA,NA,NA,NA,NA,NA,NA,73680,NA,74460,224123390,Pleasure Craft
319,NA,NA,NA,NA,NA,NA,NA,NA,NA,NA,NA,NA,NA,283440,283440,224133350,Pleasure Craft
320,NA,NA,NA,NA,NA,NA,NA,NA,NA,NA,NA,NA,NA,346440,346440,224133350,Pleasure Craft
321,NA,NA,NA,NA,NA,NA,NA,NA,NA,NA,NA,NA,NA,1817400,1817400,224133350,Pleasure Craft
322,NA,NA,NA,NA,NA,NA,NA,NA,NA,NA,NA,NA,NA,99960,99960,224133350,Pleasure Craft
323,NA,NA,NA,NA,NA,NA,NA,NA,NA,NA,NA,NA,NA,16020,16020,224133350,Pleasure Craft
324,NA,NA,NA,NA,NA,NA,NA,NA,NA,NA,NA,NA,NA,1380,10380,224134280,Pleasure Craft
325,NA,NA,NA,NA,NA,NA,NA,NA,NA,NA,NA,NA,NA,85860,85860,224137960,Pleasure Craft
326,NA,NA,NA,NA,NA,NA,NA,NA,NA,NA,NA,NA,NA,25560,25560,224137960,Pleasure Craft
328,NA,NA,NA,NA,NA,NA,NA,NA,NA,NA,NA,NA,NA,120,1920,224137960,Pleasure Craft
330,NA,NA,NA,NA,NA,NA,NA,NA,NA,NA,NA,NA,NA,14400,18180,224137960,Pleasure Craft
331,NA,NA,NA,NA,NA,NA,NA,NA,NA,NA,NA,NA,NA,3960,7080,224137960,Pleasure Craft
332,11340,NA,NA,NA,NA,NA,NA,NA,NA,NA,NA,NA,NA,NA,12960,224145000,Passenger
333,37320,NA,NA,NA,NA,NA,NA,NA,NA,NA,NA,NA,NA,NA,38760,224145000,Passenger
334,46440,NA,120,NA,NA,NA,NA,NA,NA,NA,NA,NA,NA,NA,47820,224145000,Passenger
335,44880,NA,NA,NA,NA,NA,NA,NA,NA,NA,NA,NA,NA,NA,46380,224145000,Passenger
336,NA,NA,NA,NA,NA,NA,NA,NA,NA,NA,NA,NA,NA,NA,46740,224145000,Passenger
337,NA,NA,NA,NA,NA,NA,NA,NA,NA,NA,NA,NA,NA,NA,5040,224145000,Passenger
338,30420,NA,NA,NA,NA,NA,NA,NA,NA,NA,NA,NA,NA,NA,32100,224145000,Passenger
339,NA,NA,18240,NA,NA,NA,NA,NA,NA,NA,NA,NA,NA,NA,19980,224145000,Passenger
340,NA,NA,54840,NA,NA,NA,NA,NA,NA,NA,NA,NA,NA,NA,56700,224145000,Passenger
341,NA,NA,NA,NA,NA,NA,NA,NA,NA,NA,NA,NA,NA,NA,5220,224145000,Passenger
342,NA,NA,NA,NA,NA,NA,NA,NA,NA,NA,NA,NA,NA,NA,21360,224145000,Passenger
343,NA,NA,NA,NA,NA,NA,NA,NA,NA,NA,NA,NA,NA,NA,31920,224145000,Passenger
344,NA,NA,NA,NA,NA,NA,NA,NA,NA,NA,NA,NA,NA,NA,4680,224145000,Passenger
345,NA,NA,NA,NA,NA,NA,NA,NA,NA,NA,NA,NA,NA,NA,21300,224145000,Passenger
346,NA,NA,NA,NA,NA,NA,NA,NA,NA,NA,NA,NA,NA,NA,32220,224145000,Passenger
347,NA,NA,NA,NA,NA,NA,NA,NA,NA,NA,NA,NA,NA,NA,5100,224145000,Passenger
348,29460,NA,NA,NA,NA,NA,NA,NA,NA,NA,NA,NA,NA,NA,31020,224145000,Passenger
349,46740,NA,NA,NA,NA,NA,NA,NA,NA,NA,NA,NA,NA,NA,48420,224145000,Passenger
350,NA,NA,NA,NA,NA,NA,NA,NA,NA,NA,NA,NA,NA,NA,34380,224145000,Passenger
351,NA,NA,NA,NA,NA,NA,NA,NA,NA,NA,NA,NA,NA,NA,5460,224145000,Passenger
352,NA,NA,NA,NA,NA,NA,NA,NA,NA,NA,NA,NA,NA,NA,21900,224145000,Passenger
353,31860,NA,NA,NA,NA,NA,NA,NA,NA,NA,NA,NA,NA,NA,33360,224145000,Passenger
354,NA,NA,NA,NA,NA,NA,NA,NA,NA,NA,NA,NA,NA,NA,47640,224145000,Passenger
355,NA,NA,NA,NA,NA,NA,NA,NA,NA,NA,NA,NA,NA,NA,48180,224145000,Passenger
356,NA,NA,NA,NA,NA,NA,NA,NA,NA,NA,NA,NA,NA,NA,4740,224145000,Passenger
357,NA,NA,NA,NA,NA,NA,NA,NA,NA,NA,NA,NA,NA,NA,3840,224145000,Passenger
358,NA,NA,NA,NA,NA,NA,NA,NA,NA,NA,NA,NA,NA,NA,4380,224145000,Passenger
359,NA,NA,NA,NA,NA,NA,NA,NA,NA,NA,NA,NA,NA,NA,3660,224145000,Passenger
360,NA,NA,NA,NA,NA,NA,NA,NA,NA,NA,NA,NA,NA,NA,4320,224145000,Passenger
361,11040,NA,NA,NA,NA,NA,NA,NA,NA,NA,NA,NA,NA,NA,12480,224145000,Passenger
362,38640,NA,120,NA,NA,NA,NA,NA,NA,NA,NA,NA,NA,NA,40020,224145000,Passenger
363,46980,NA,NA,NA,NA,NA,NA,NA,NA,NA,NA,NA,NA,NA,48180,224145000,Passenger
364,NA,NA,NA,NA,NA,NA,NA,NA,NA,NA,NA,NA,NA,NA,47640,224145000,Passenger
365,NA,NA,NA,NA,NA,NA,NA,NA,NA,NA,NA,NA,NA,NA,47880,224145000,Passenger
366,NA,NA,NA,NA,NA,NA,NA,NA,NA,NA,NA,NA,NA,NA,4560,224145000,Passenger
367,NA,NA,NA,NA,NA,NA,NA,NA,NA,NA,NA,NA,NA,NA,3480,224145000,Passenger
368,NA,NA,NA,NA,NA,NA,NA,NA,NA,NA,NA,NA,NA,NA,4620,224145000,Passenger
369,NA,NA,NA,NA,NA,NA,NA,NA,NA,NA,NA,NA,NA,NA,3360,224145000,Passenger
370,NA,NA,NA,NA,NA,NA,NA,NA,NA,NA,NA,NA,NA,NA,4560,224145000,Passenger
371,NA,NA,NA,NA,NA,NA,NA,NA,NA,NA,NA,NA,NA,NA,360,224145000,Passenger
372,37980,NA,NA,NA,NA,NA,NA,NA,NA,NA,NA,NA,NA,NA,39420,224145000,Passenger
373,20280,NA,NA,NA,NA,NA,NA,NA,NA,NA,NA,NA,NA,NA,21060,224145000,Passenger
374,NA,NA,NA,NA,NA,NA,NA,NA,NA,NA,NA,NA,120,480,4380,224162680,Pleasure Craft
375,NA,NA,NA,NA,NA,NA,NA,NA,NA,NA,NA,NA,NA,840,2700,224162680,Pleasure Craft
376,NA,NA,NA,NA,NA,NA,NA,NA,NA,NA,NA,NA,NA,240,1860,224162680,Pleasure Craft
377,NA,NA,NA,NA,NA,NA,NA,NA,NA,NA,NA,NA,NA,840,2880,224166280,Pleasure Craft
378,NA,NA,NA,NA,NA,NA,NA,NA,NA,NA,NA,NA,NA,1080,2160,224166280,Pleasure Craft
380,NA,NA,NA,NA,NA,NA,NA,NA,NA,NA,NA,NA,NA,180,1500,224166280,Pleasure Craft
381,NA,NA,NA,NA,NA,NA,NA,NA,NA,NA,NA,NA,NA,360,3420,224166280,Pleasure Craft
382,NA,NA,NA,NA,NA,NA,NA,NA,NA,NA,NA,NA,NA,NA,9360,224166280,Pleasure Craft
383,NA,NA,NA,NA,NA,NA,NA,NA,NA,NA,NA,NA,NA,240,5940,224166280,Pleasure Craft
384,NA,NA,NA,NA,NA,NA,NA,NA,NA,NA,NA,NA,120,360,5580,224166280,Pleasure Craft
385,NA,NA,NA,NA,NA,NA,NA,NA,NA,NA,NA,NA,NA,780,3660,224166280,Pleasure Craft
386,NA,NA,NA,NA,NA,NA,NA,NA,NA,NA,NA,NA,360,NA,2280,224168390,Pleasure Craft
388,NA,NA,NA,NA,NA,NA,NA,NA,NA,NA,NA,NA,NA,NA,692340,224184000,Salvage/Rescue Vessel
389,NA,NA,NA,NA,NA,NA,NA,NA,NA,NA,NA,NA,600,NA,1200,224184840,Pleasure Craft
390,NA,NA,NA,NA,360,NA,NA,NA,NA,NA,NA,NA,NA,NA,4680,224187980,Tug
392,NA,NA,NA,NA,NA,NA,NA,NA,NA,NA,NA,NA,NA,36720,36720,224191320,Pleasure Craft
393,NA,NA,NA,NA,NA,NA,NA,NA,NA,NA,NA,NA,NA,26040,26040,224191320,Pleasure Craft
396,NA,NA,NA,NA,NA,NA,NA,NA,NA,NA,NA,NA,NA,9360,9360,224191320,Pleasure Craft
397,NA,NA,NA,NA,NA,NA,NA,NA,NA,NA,NA,NA,NA,26640,26640,224191320,Pleasure Craft
398,NA,NA,NA,NA,NA,NA,NA,NA,NA,NA,NA,NA,NA,23400,23400,224191320,Pleasure Craft
402,NA,NA,NA,NA,NA,NA,NA,NA,NA,NA,NA,NA,NA,8640,8640,224191320,Pleasure Craft
403,NA,NA,NA,NA,NA,NA,NA,NA,NA,NA,NA,NA,NA,29520,29520,224191320,Pleasure Craft
404,NA,NA,NA,NA,NA,NA,NA,NA,NA,NA,NA,NA,NA,35640,35640,224191320,Pleasure Craft
407,NA,NA,NA,NA,NA,NA,NA,NA,NA,NA,NA,NA,NA,12960,12960,224191320,Pleasure Craft
408,NA,NA,NA,NA,NA,NA,NA,NA,NA,NA,NA,NA,NA,18e3,18e3,224191320,Pleasure Craft
409,NA,NA,NA,NA,NA,NA,NA,NA,NA,NA,NA,NA,NA,45720,45720,224191320,Pleasure Craft
410,NA,NA,NA,NA,NA,NA,NA,NA,NA,NA,NA,NA,NA,51360,51360,224191320,Pleasure Craft
411,NA,NA,NA,NA,NA,NA,NA,NA,NA,NA,NA,NA,NA,41040,41040,224191320,Pleasure Craft
413,NA,NA,NA,NA,NA,NA,NA,NA,NA,NA,NA,NA,NA,66240,66240,224191320,Pleasure Craft
414,NA,NA,NA,NA,NA,NA,NA,NA,NA,NA,NA,NA,NA,73560,75300,224191320,Pleasure Craft
419,NA,NA,NA,NA,NA,NA,NA,NA,NA,NA,NA,NA,NA,67680,67680,224191320,Pleasure Craft
421,NA,NA,NA,NA,NA,NA,NA,NA,NA,NA,NA,NA,NA,52920,52920,224191320,Pleasure Craft
422,NA,NA,NA,NA,NA,NA,NA,NA,NA,NA,NA,NA,NA,22080,22080,224191320,Pleasure Craft
425,NA,NA,NA,NA,NA,NA,NA,NA,NA,NA,NA,NA,NA,42720,42720,224191320,Pleasure Craft
426,NA,NA,NA,NA,NA,NA,NA,NA,NA,NA,NA,NA,NA,36720,36720,224191320,Pleasure Craft
427,NA,NA,NA,NA,NA,NA,NA,NA,NA,NA,NA,NA,NA,56160,56160,224191320,Pleasure Craft
428,NA,NA,NA,NA,NA,NA,NA,NA,NA,NA,NA,NA,NA,92280,97200,224191320,Pleasure Craft
430,NA,NA,NA,NA,NA,NA,NA,NA,NA,NA,NA,NA,NA,57900,57900,224191320,Pleasure Craft
431,NA,NA,NA,NA,NA,NA,NA,NA,NA,NA,NA,NA,NA,52860,52860,224191320,Pleasure Craft
432,NA,NA,NA,NA,NA,NA,NA,NA,NA,NA,NA,NA,NA,31200,31200,224191320,Pleasure Craft
433,NA,NA,NA,NA,NA,NA,NA,NA,NA,NA,NA,NA,NA,28800,28800,224191320,Pleasure Craft
434,NA,NA,NA,NA,NA,NA,NA,NA,NA,NA,NA,NA,NA,95040,95040,224191320,Pleasure Craft
435,NA,NA,NA,NA,NA,NA,NA,NA,NA,NA,NA,NA,NA,26400,26400,224191320,Pleasure Craft
438,NA,NA,NA,NA,NA,NA,NA,NA,NA,NA,NA,NA,NA,13980,13980,224191320,Pleasure Craft
440,NA,NA,NA,NA,NA,NA,NA,NA,NA,NA,NA,NA,NA,10080,10080,224191320,Pleasure Craft
441,NA,NA,NA,NA,NA,NA,NA,NA,NA,NA,NA,NA,NA,16560,16560,224191320,Pleasure Craft
442,NA,NA,NA,NA,NA,NA,NA,NA,NA,NA,NA,NA,NA,52260,52260,224191320,Pleasure Craft
445,NA,NA,NA,NA,NA,NA,NA,NA,NA,NA,NA,NA,540,33540,35700,224191320,Pleasure Craft
449,NA,NA,NA,NA,NA,NA,NA,NA,NA,NA,NA,NA,NA,27180,27180,224191320,Pleasure Craft
454,NA,NA,NA,NA,NA,NA,NA,NA,NA,NA,NA,NA,NA,6300,10800,224191320,Pleasure Craft
455,NA,NA,NA,NA,NA,NA,NA,NA,NA,NA,NA,NA,NA,34920,34920,224191320,Pleasure Craft
462,NA,NA,NA,NA,NA,NA,NA,NA,NA,NA,NA,NA,NA,18720,18720,224191320,Pleasure Craft
465,NA,NA,NA,NA,NA,NA,NA,NA,NA,NA,NA,NA,NA,77760,77760,224191320,Pleasure Craft
466,NA,NA,NA,NA,NA,NA,NA,NA,NA,NA,NA,NA,NA,16560,16560,224191320,Pleasure Craft
467,NA,NA,NA,NA,NA,NA,NA,NA,NA,NA,NA,NA,NA,87180,87180,224191320,Pleasure Craft
468,NA,NA,NA,NA,NA,NA,NA,NA,NA,NA,NA,NA,NA,58320,58320,224191320,Pleasure Craft
469,NA,NA,NA,NA,NA,NA,NA,NA,NA,NA,NA,NA,NA,23640,23640,224191320,Pleasure Craft
470,NA,NA,NA,NA,NA,NA,NA,NA,NA,NA,NA,NA,NA,62280,62280,224191320,Pleasure Craft
475,NA,NA,NA,NA,NA,NA,NA,NA,NA,NA,NA,NA,NA,12960,12960,224191320,Pleasure Craft
476,NA,NA,NA,NA,NA,NA,NA,NA,NA,NA,NA,NA,NA,48240,48240,224191320,Pleasure Craft
477,NA,NA,NA,NA,NA,NA,NA,NA,NA,NA,NA,NA,NA,9360,9360,224191320,Pleasure Craft
478,NA,NA,NA,NA,NA,NA,NA,NA,NA,NA,NA,NA,NA,11880,11880,224191320,Pleasure Craft
479,NA,NA,NA,NA,NA,NA,NA,NA,NA,NA,NA,NA,NA,14760,14760,224191320,Pleasure Craft
480,NA,NA,NA,NA,NA,NA,NA,NA,NA,NA,NA,NA,NA,8640,8640,224191320,Pleasure Craft
481,NA,NA,NA,NA,NA,NA,NA,NA,NA,NA,NA,NA,NA,19080,19080,224191320,Pleasure Craft
482,NA,NA,NA,NA,NA,NA,NA,NA,NA,NA,NA,NA,NA,50040,50040,224191320,Pleasure Craft
483,NA,NA,NA,NA,NA,NA,NA,NA,NA,NA,NA,NA,NA,13320,13320,224191320,Pleasure Craft
484,NA,NA,NA,NA,NA,NA,NA,NA,NA,NA,NA,NA,NA,13320,13320,224191320,Pleasure Craft
485,NA,NA,NA,NA,NA,NA,NA,NA,NA,NA,NA,NA,NA,16200,16200,224191320,Pleasure Craft
487,NA,NA,NA,NA,NA,NA,NA,NA,NA,NA,NA,NA,NA,11160,11160,224191320,Pleasure Craft
493,NA,NA,NA,NA,NA,NA,NA,NA,NA,NA,NA,NA,NA,226020,226020,224205780,Pleasure Craft
494,NA,NA,NA,NA,NA,NA,NA,NA,NA,NA,NA,NA,NA,251760,253080,224205780,Pleasure Craft
495,NA,NA,NA,NA,NA,NA,NA,NA,NA,NA,NA,NA,NA,82920,84600,224205780,Pleasure Craft
496,NA,NA,NA,NA,NA,NA,NA,NA,NA,NA,NA,NA,NA,19800,19800,224205780,Pleasure Craft
497,NA,NA,NA,NA,NA,NA,NA,NA,NA,NA,NA,NA,NA,18720,18720,224205780,Pleasure Craft
499,NA,NA,NA,NA,NA,NA,NA,NA,NA,NA,NA,NA,NA,335940,335940,224205780,Pleasure Craft
500,NA,NA,NA,NA,NA,NA,NA,NA,NA,NA,NA,NA,NA,157320,157320,224205780,Pleasure Craft
501,NA,NA,NA,NA,NA,NA,NA,NA,NA,NA,NA,NA,NA,21600,21600,224205780,Pleasure Craft
502,NA,NA,NA,NA,NA,NA,NA,NA,NA,NA,NA,NA,NA,122760,122760,224205780,Pleasure Craft
503,NA,NA,NA,NA,NA,NA,NA,NA,NA,NA,NA,NA,NA,480240,517800,224205780,Pleasure Craft
504,NA,NA,NA,NA,NA,NA,NA,NA,NA,NA,NA,NA,NA,117360,117360,224205780,Pleasure Craft
505,NA,NA,NA,NA,NA,NA,NA,NA,NA,NA,NA,NA,NA,61920,62520,224205780,Pleasure Craft
506,NA,NA,NA,NA,NA,NA,NA,NA,NA,NA,NA,NA,NA,2700,3840,224205780,Pleasure Craft
508,NA,NA,NA,NA,NA,NA,NA,NA,NA,NA,NA,NA,NA,317040,317040,224205780,Pleasure Craft
509,NA,NA,NA,NA,NA,NA,NA,NA,NA,NA,NA,NA,NA,54240,58080,224205780,Pleasure Craft
510,NA,NA,NA,NA,NA,NA,NA,NA,NA,NA,NA,NA,NA,41040,41040,224205780,Pleasure Craft
511,NA,NA,NA,NA,NA,NA,NA,NA,NA,NA,NA,NA,NA,11880,11880,224205780,Pleasure Craft
512,NA,NA,NA,NA,NA,NA,NA,NA,NA,NA,NA,NA,NA,9e4,214500,224219620,Pilot Vessel
513,NA,NA,2220,NA,NA,NA,NA,NA,NA,NA,NA,NA,1080,NA,134340,224219620,Pilot Vessel
514,NA,NA,4320,2400,NA,NA,NA,NA,NA,480,NA,NA,1380,NA,113280,224219620,Pilot Vessel
515,1920,NA,5640,360,1740,180,NA,240,180,NA,240,NA,2820,1620,327060,224227560,Pilot Vessel
516,180,NA,600,NA,1020,240,NA,NA,NA,NA,NA,NA,840,NA,53700,224227560,Pilot Vessel
517,180,NA,4380,1020,NA,180,NA,240,NA,NA,NA,NA,900,NA,187620,224227560,Pilot Vessel
518,8880,720,21120,4680,1680,480,300,NA,360,540,NA,360,16260,300,1693800,224227560,Pilot Vessel
519,720,NA,1440,NA,NA,NA,120,NA,NA,NA,NA,NA,1800,NA,103140,224227560,Pilot Vessel
520,NA,NA,NA,NA,NA,NA,NA,NA,NA,NA,NA,NA,NA,16860,16860,224254290,Pleasure Craft
521,NA,NA,NA,NA,NA,NA,NA,NA,NA,NA,NA,NA,NA,5040,8400,224254290,Pleasure Craft
522,NA,NA,NA,NA,NA,NA,NA,NA,NA,NA,NA,NA,NA,3780,6300,224254290,Pleasure Craft
523,NA,NA,NA,NA,NA,NA,NA,NA,NA,NA,NA,NA,NA,3180,5160,224254290,Pleasure Craft
525,NA,120,3360,180,NA,NA,NA,NA,NA,NA,NA,NA,1440,NA,168660,224255540,Unspecified
526,NA,120,4140,NA,240,NA,NA,NA,NA,NA,NA,NA,3600,180,219120,224255540,Unspecified
527,NA,NA,360,240,NA,NA,840,NA,NA,NA,120,NA,1800,NA,173520,224255540,Unspecified
528,NA,NA,NA,NA,NA,NA,NA,NA,NA,NA,NA,NA,NA,NA,90540,224255540,Unspecified
529,2340,240,16800,2940,6180,1440,NA,120,NA,780,NA,420,13080,NA,1613460,224255540,Unspecified
530,NA,NA,NA,NA,NA,NA,NA,NA,NA,NA,NA,NA,NA,NA,119100,224255540,Unspecified
531,NA,NA,360,NA,NA,NA,NA,NA,NA,NA,NA,NA,NA,NA,165780,224261240,Fire Fighting Vessel
532,NA,NA,4920,600,1980,NA,120,NA,NA,NA,NA,NA,NA,NA,387540,224261240,Fire Fighting Vessel
533,360,1620,20640,3660,7500,1500,840,NA,NA,180,NA,NA,NA,NA,1813680,224261240,Fire Fighting Vessel
534,NA,NA,1260,900,NA,NA,NA,NA,NA,NA,NA,NA,NA,NA,119100,224261240,Fire Fighting Vessel
535,NA,NA,NA,NA,NA,NA,NA,NA,NA,NA,NA,NA,NA,2040,2520,224267930,Passenger
536,NA,NA,NA,NA,NA,NA,NA,NA,NA,NA,NA,NA,NA,631560,631560,224276650,Pleasure Craft
537,NA,NA,NA,NA,NA,NA,NA,NA,NA,NA,NA,NA,NA,1490880,1492080,224276650,Pleasure Craft
538,NA,NA,NA,NA,NA,NA,NA,NA,NA,NA,NA,NA,NA,317640,323520,224276650,Pleasure Craft
539,NA,NA,NA,NA,NA,NA,NA,NA,NA,NA,NA,NA,NA,118740,118740,224276650,Pleasure Craft
540,NA,NA,NA,NA,NA,NA,NA,NA,NA,NA,NA,NA,NA,NA,320940,224298290,Motor Hopper
541,NA,NA,NA,NA,NA,NA,NA,NA,NA,NA,NA,NA,NA,NA,277980,224298290,Motor Hopper
543,NA,NA,NA,NA,NA,NA,NA,NA,NA,135180,NA,NA,NA,NA,1032720,224298290,Motor Hopper
544,NA,NA,NA,NA,NA,NA,NA,NA,NA,NA,NA,NA,NA,NA,5760,224298290,Motor Hopper
545,NA,NA,NA,NA,NA,NA,NA,NA,NA,NA,NA,NA,NA,NA,3240,224298290,Motor Hopper
547,NA,NA,NA,NA,NA,NA,NA,NA,NA,NA,NA,NA,NA,15120,15120,224349000,Passenger
548,NA,NA,NA,NA,NA,NA,NA,NA,NA,NA,NA,NA,NA,16140,16140,224349000,Passenger
549,NA,NA,NA,NA,NA,NA,NA,NA,NA,NA,NA,NA,NA,85260,86160,224349000,Passenger
550,NA,NA,NA,NA,NA,NA,NA,NA,NA,NA,NA,NA,NA,5580,10800,224350770,Pleasure Craft
551,NA,NA,NA,NA,NA,NA,NA,NA,NA,NA,NA,NA,NA,4200,6540,224350770,Pleasure Craft
552,5640,8820,14340,15120,NA,NA,90780,NA,34740,NA,142680,NA,NA,NA,517560,224365000,Tanker
553,3360,56640,43380,40620,NA,NA,39600,NA,NA,67740,581940,NA,NA,NA,1241520,224365000,Tanker
554,NA,NA,15900,NA,NA,NA,NA,NA,NA,NA,35100,NA,NA,NA,86400,224365000,Tanker
556,NA,NA,NA,NA,NA,NA,NA,NA,NA,NA,NA,NA,NA,NA,342120,224393420,Military Ops
557,NA,NA,NA,NA,NA,NA,NA,NA,NA,NA,NA,NA,NA,NA,473820,224399490,Work Vessel
558,NA,NA,NA,NA,NA,NA,NA,NA,NA,NA,NA,NA,NA,NA,132840,224399490,Work Vessel
559,NA,NA,NA,NA,NA,NA,NA,NA,NA,NA,NA,NA,NA,NA,767160,224399490,Work Vessel
560,NA,NA,NA,NA,NA,NA,NA,NA,NA,NA,NA,NA,NA,NA,29880,224399490,Work Vessel
561,NA,NA,NA,NA,NA,NA,NA,NA,NA,NA,NA,NA,NA,NA,204720,224399490,Work Vessel
562,NA,NA,NA,NA,NA,NA,NA,NA,NA,NA,NA,NA,NA,NA,88560,224399490,Work Vessel
563,NA,NA,NA,NA,NA,NA,NA,NA,NA,NA,NA,NA,NA,NA,133860,224399490,Work Vessel
564,NA,NA,NA,NA,NA,NA,NA,NA,NA,NA,NA,NA,NA,NA,10260,224399490,Work Vessel
565,NA,NA,NA,NA,NA,NA,NA,NA,NA,NA,NA,NA,NA,NA,467100,224399490,Work Vessel
566,NA,NA,NA,NA,NA,NA,NA,NA,NA,NA,NA,NA,NA,NA,119220,224399490,Work Vessel
567,NA,NA,NA,NA,NA,NA,NA,NA,NA,NA,NA,NA,NA,360,2400,224419540,Pleasure Craft
568,NA,NA,NA,NA,NA,NA,NA,NA,NA,NA,NA,NA,NA,3960,5160,224419540,Pleasure Craft
569,NA,NA,NA,NA,NA,NA,NA,NA,NA,NA,NA,NA,NA,180,1260,224419540,Pleasure Craft
579,NA,NA,NA,NA,NA,NA,NA,NA,NA,NA,NA,NA,NA,NA,2160,224462000,Tanker
580,NA,NA,NA,NA,NA,NA,NA,NA,NA,NA,1980,NA,NA,NA,3360,224462000,Tanker
587,NA,NA,NA,NA,NA,NA,NA,NA,NA,NA,NA,NA,NA,NA,1740,224462000,Tanker
588,NA,NA,NA,NA,NA,NA,NA,NA,NA,NA,1440,NA,NA,NA,3900,224462000,Tanker
591,NA,NA,NA,NA,NA,NA,NA,NA,NA,NA,NA,NA,NA,NA,2220,224462000,Tanker
592,NA,NA,NA,NA,NA,NA,NA,NA,NA,NA,1260,NA,NA,NA,3960,224462000,Tanker
593,NA,NA,NA,NA,NA,NA,NA,NA,NA,NA,NA,NA,NA,NA,2220,224462000,Tanker
594,NA,NA,NA,NA,NA,NA,NA,NA,NA,NA,1260,NA,NA,NA,3420,224462000,Tanker
596,NA,NA,NA,NA,NA,NA,NA,NA,NA,NA,2760,NA,NA,NA,8280,224474000,Fire Fighting Vessel
597,NA,NA,NA,NA,NA,NA,NA,NA,NA,NA,NA,NA,120,NA,1740,224486160,Pleasure Craft
598,NA,NA,6060,NA,1500,NA,360,NA,NA,NA,NA,NA,NA,NA,616320,224494000,Tug
599,120,120,13980,1380,6960,2820,NA,120,120,NA,NA,NA,NA,NA,1817640,224494000,Tug
600,NA,NA,2520,NA,NA,NA,NA,NA,NA,NA,NA,NA,NA,NA,119100,224494000,Tug
602,NA,NA,NA,NA,NA,NA,NA,NA,NA,NA,NA,NA,NA,NA,424860,224522000,Offshore Supply Ship
603,NA,NA,NA,NA,NA,NA,NA,NA,NA,NA,NA,NA,NA,NA,82860,224522000,Offshore Supply Ship
604,NA,2340,8340,NA,NA,NA,NA,NA,360,NA,NA,NA,NA,NA,618660,224533000,Fire Fighting Vessel
605,NA,NA,10260,NA,1740,NA,480,NA,NA,NA,NA,NA,NA,NA,725400,224533000,Fire Fighting Vessel
606,NA,NA,NA,NA,NA,NA,NA,NA,NA,2220,NA,NA,NA,NA,151500,224533000,Fire Fighting Vessel
607,NA,240,8580,5700,NA,2400,NA,NA,NA,NA,NA,NA,NA,NA,885180,224533000,Fire Fighting Vessel
608,NA,NA,600,NA,NA,420,NA,NA,NA,NA,NA,NA,NA,NA,118980,224533000,Fire Fighting Vessel
609,NA,NA,NA,19380,NA,NA,NA,NA,NA,NA,NA,NA,NA,NA,21600,224548000,Passenger
610,NA,NA,NA,26940,NA,NA,NA,NA,NA,NA,NA,NA,NA,NA,29580,224548000,Passenger
611,540,NA,2520,NA,NA,NA,NA,NA,NA,NA,NA,NA,NA,NA,628380,224550000,Tug
612,NA,480,3540,1500,NA,1680,NA,NA,NA,240,NA,NA,NA,NA,1779600,224550000,Tug
613,NA,NA,540,NA,NA,NA,NA,NA,NA,NA,NA,NA,NA,NA,119100,224550000,Tug
614,NA,NA,NA,NA,NA,NA,NA,19020,NA,NA,NA,NA,NA,NA,21900,224600000,Passenger
615,NA,NA,NA,NA,NA,NA,NA,22800,NA,NA,NA,NA,NA,NA,25920,224600000,Passenger
616,NA,NA,300,12060,22680,NA,NA,NA,NA,NA,79320,NA,NA,NA,354420,224608620,Tanker
617,NA,NA,25560,NA,NA,NA,NA,NA,NA,NA,NA,NA,NA,NA,113880,224608620,Tanker
618,NA,NA,NA,NA,NA,NA,NA,NA,NA,NA,NA,NA,NA,NA,25080,224692000,Passenger
619,NA,NA,NA,NA,NA,NA,NA,NA,NA,NA,NA,NA,NA,NA,5280,224692000,Passenger
620,NA,NA,NA,NA,NA,NA,NA,NA,NA,NA,NA,NA,NA,NA,21300,224692000,Passenger
621,NA,NA,NA,NA,NA,NA,NA,NA,NA,NA,NA,NA,NA,NA,32220,224692000,Passenger
622,NA,NA,NA,NA,NA,NA,NA,NA,NA,NA,NA,NA,NA,NA,5160,224692000,Passenger
623,NA,NA,NA,NA,NA,NA,NA,NA,NA,NA,NA,NA,NA,NA,22500,224692000,Passenger
624,NA,NA,9060,NA,NA,NA,NA,NA,NA,NA,NA,NA,NA,NA,11160,224692000,Passenger
625,NA,NA,25920,NA,NA,NA,NA,NA,NA,NA,NA,NA,NA,NA,27960,224692000,Passenger
626,5280,NA,NA,NA,NA,NA,NA,NA,NA,NA,NA,NA,NA,NA,7020,224692000,Passenger
627,33360,NA,NA,NA,NA,NA,NA,NA,NA,NA,NA,NA,NA,NA,35040,224692000,Passenger
628,NA,NA,NA,NA,NA,NA,NA,NA,NA,NA,NA,NA,NA,NA,36480,224692000,Passenger
629,NA,NA,NA,NA,NA,NA,NA,NA,NA,NA,NA,NA,NA,NA,21240,224692000,Passenger
630,NA,NA,NA,NA,NA,NA,NA,NA,NA,NA,NA,NA,NA,NA,34920,224692000,Passenger
631,NA,NA,NA,NA,NA,NA,NA,NA,NA,NA,NA,NA,NA,NA,12420,224692000,Passenger
632,NA,NA,NA,NA,NA,NA,NA,NA,NA,NA,NA,NA,NA,NA,22140,224692000,Passenger
633,NA,NA,NA,NA,NA,NA,NA,NA,NA,NA,NA,NA,NA,NA,33660,224692000,Passenger
634,NA,NA,17700,NA,NA,NA,NA,NA,NA,NA,NA,NA,NA,NA,19500,224692000,Passenger
635,NA,NA,26580,NA,NA,NA,NA,NA,NA,NA,NA,NA,NA,NA,28260,224692000,Passenger
636,5520,NA,NA,NA,NA,NA,NA,NA,NA,NA,NA,NA,NA,NA,7020,224692000,Passenger
637,NA,NA,6600,NA,NA,NA,NA,NA,NA,NA,NA,NA,NA,NA,8460,224692000,Passenger
638,NA,NA,11760,NA,NA,NA,NA,NA,NA,NA,NA,NA,NA,NA,13260,224692000,Passenger
639,NA,NA,NA,NA,NA,NA,NA,NA,NA,NA,NA,NA,NA,NA,18540,224692000,Passenger
640,NA,NA,NA,NA,NA,NA,NA,NA,NA,NA,NA,NA,NA,NA,34740,224692000,Passenger
641,11220,NA,NA,NA,NA,NA,NA,NA,NA,NA,NA,NA,NA,NA,12540,224692000,Passenger
642,NA,NA,NA,NA,NA,NA,NA,NA,NA,NA,NA,NA,NA,NA,21960,224692000,Passenger
643,32400,NA,NA,NA,NA,NA,NA,NA,NA,NA,NA,NA,NA,NA,34020,224692000,Passenger
644,NA,NA,20400,NA,NA,NA,NA,NA,NA,NA,NA,NA,NA,NA,22200,224692000,Passenger
645,NA,NA,25980,NA,NA,NA,NA,NA,NA,NA,NA,NA,NA,NA,27900,224692000,Passenger
646,5160,NA,NA,NA,NA,NA,NA,NA,NA,NA,NA,NA,NA,NA,6540,224692000,Passenger
647,32280,NA,NA,NA,NA,NA,NA,NA,NA,NA,NA,NA,NA,NA,33720,224692000,Passenger
648,NA,NA,NA,NA,NA,NA,NA,NA,NA,NA,NA,NA,NA,NA,34860,224692000,Passenger
649,NA,NA,NA,NA,NA,NA,NA,NA,NA,NA,NA,NA,NA,NA,6180,224692000,Passenger
650,NA,NA,NA,NA,NA,NA,NA,NA,NA,NA,NA,NA,NA,NA,22260,224692000,Passenger
651,NA,NA,NA,NA,NA,NA,NA,NA,NA,NA,NA,NA,NA,NA,31920,224692000,Passenger
652,NA,NA,18360,NA,NA,NA,NA,NA,NA,NA,NA,NA,NA,NA,20280,224692000,Passenger
653,NA,NA,5640,NA,NA,NA,NA,NA,NA,NA,NA,NA,NA,NA,7500,224692000,Passenger
654,30960,NA,NA,NA,NA,NA,NA,NA,NA,NA,NA,NA,NA,NA,32520,224692000,Passenger
655,NA,NA,NA,NA,NA,NA,NA,NA,NA,NA,NA,NA,NA,NA,6060,224692000,Passenger
656,31500,NA,NA,NA,NA,NA,NA,NA,NA,NA,NA,NA,NA,NA,33060,224692000,Passenger
657,NA,NA,19920,NA,NA,NA,NA,NA,NA,NA,NA,NA,NA,NA,22140,224692000,Passenger
658,NA,NA,63780,NA,NA,NA,NA,NA,NA,NA,NA,NA,NA,NA,64740,224692000,Passenger
660,NA,NA,NA,NA,NA,NA,NA,NA,NA,NA,NA,NA,NA,NA,34140,224692000,Passenger
661,NA,NA,NA,NA,NA,NA,NA,NA,NA,NA,NA,NA,NA,NA,12300,224692000,Passenger
662,NA,NA,NA,NA,NA,NA,NA,NA,NA,NA,NA,NA,NA,NA,73680,224713000,Research/Survey Vessel
663,NA,NA,NA,NA,NA,NA,NA,NA,NA,NA,NA,NA,NA,NA,9180,224713000,Research/Survey Vessel
664,NA,NA,NA,NA,NA,NA,NA,NA,62280,NA,NA,NA,NA,NA,458700,224731000,Hospital Ship
665,NA,NA,NA,NA,NA,NA,NA,NA,NA,NA,NA,NA,NA,NA,60360,224731000,Hospital Ship
666,168900,NA,NA,NA,NA,NA,NA,NA,NA,NA,NA,NA,NA,NA,169860,224761000,Passenger
667,23100,NA,NA,NA,NA,NA,NA,NA,NA,NA,NA,NA,NA,NA,24600,224761000,Passenger
668,23880,NA,300,NA,NA,NA,NA,NA,NA,NA,NA,NA,NA,NA,25560,224761000,Passenger
669,23400,NA,NA,NA,NA,NA,NA,NA,NA,NA,NA,NA,NA,NA,24960,224761000,Passenger
670,21660,NA,120,NA,NA,NA,NA,NA,NA,NA,NA,NA,NA,NA,23340,224761000,Passenger
671,54360,NA,NA,NA,NA,NA,NA,NA,NA,NA,NA,NA,NA,NA,55140,224761000,Passenger
672,137100,NA,NA,NA,NA,NA,NA,NA,NA,NA,NA,NA,NA,NA,138060,224761000,Passenger
673,20580,NA,NA,NA,NA,NA,NA,NA,NA,NA,NA,NA,NA,NA,22320,224761000,Passenger
674,20940,NA,240,NA,NA,NA,NA,NA,NA,NA,NA,NA,NA,NA,22920,224761000,Passenger
675,22980,NA,NA,NA,NA,NA,NA,NA,NA,NA,NA,NA,NA,NA,24480,224761000,Passenger
676,23400,NA,240,NA,NA,NA,NA,NA,NA,NA,NA,NA,NA,NA,25260,224761000,Passenger
677,195e3,NA,NA,NA,NA,NA,NA,NA,NA,NA,NA,NA,NA,NA,196560,224761000,Passenger
678,20040,NA,1140,NA,NA,NA,NA,NA,NA,NA,NA,NA,NA,NA,22860,224761000,Passenger
679,24600,NA,NA,NA,NA,NA,NA,NA,NA,NA,NA,NA,NA,NA,25980,224761000,Passenger
680,21060,NA,NA,NA,NA,NA,NA,NA,NA,NA,NA,NA,NA,NA,22680,224761000,Passenger
681,21300,NA,180,NA,NA,NA,NA,NA,NA,NA,NA,NA,NA,NA,22920,224761000,Passenger
682,58860,NA,240,NA,NA,NA,NA,NA,NA,NA,NA,NA,NA,NA,59820,224761000,Passenger
683,88500,NA,NA,NA,NA,NA,NA,NA,NA,NA,NA,NA,NA,NA,88500,224761000,Passenger
684,4320,NA,NA,NA,NA,NA,NA,NA,NA,NA,NA,NA,NA,NA,5160,224761000,Passenger
685,20700,NA,180,NA,NA,NA,NA,NA,NA,NA,NA,NA,NA,NA,22260,224761000,Passenger
686,21300,NA,240,NA,NA,NA,NA,NA,NA,NA,NA,NA,NA,NA,22920,224761000,Passenger
687,20880,NA,NA,NA,NA,NA,NA,NA,NA,NA,NA,NA,NA,NA,22320,224761000,Passenger
688,23880,NA,240,NA,NA,NA,NA,NA,NA,NA,NA,NA,NA,NA,25620,224761000,Passenger
689,61320,NA,240,NA,NA,NA,NA,NA,NA,NA,NA,NA,NA,NA,62520,224761000,Passenger
690,85020,NA,NA,NA,NA,NA,NA,NA,NA,NA,NA,NA,NA,NA,85020,224761000,Passenger
691,16980,NA,120,NA,NA,NA,NA,NA,NA,NA,NA,NA,NA,NA,17940,224761000,Passenger
692,NA,NA,NA,NA,NA,NA,NA,NA,NA,NA,NA,NA,NA,NA,3060,224768000,High Speed Craft
693,NA,NA,NA,NA,NA,NA,NA,NA,NA,NA,NA,NA,NA,NA,3840,224768000,High Speed Craft
694,NA,NA,NA,NA,NA,NA,NA,NA,NA,NA,NA,NA,NA,NA,3480,224768000,High Speed Craft
695,NA,NA,NA,NA,NA,NA,NA,NA,NA,NA,NA,NA,NA,NA,3600,224768000,High Speed Craft
696,NA,NA,NA,NA,NA,NA,NA,NA,NA,NA,NA,NA,NA,NA,6720,224768000,High Speed Craft
697,NA,NA,NA,NA,NA,NA,NA,NA,NA,NA,NA,NA,NA,NA,3780,224768000,High Speed Craft
698,NA,NA,NA,NA,NA,NA,NA,NA,NA,NA,NA,NA,NA,NA,7200,224768000,High Speed Craft
699,NA,NA,NA,NA,NA,NA,NA,NA,NA,NA,NA,NA,NA,NA,3660,224768000,High Speed Craft
700,NA,NA,NA,NA,NA,NA,NA,NA,NA,NA,NA,NA,NA,NA,6540,224768000,High Speed Craft
701,NA,NA,NA,NA,NA,NA,NA,NA,NA,NA,NA,NA,NA,NA,3840,224768000,High Speed Craft
702,NA,NA,NA,NA,NA,NA,NA,NA,NA,NA,NA,NA,NA,NA,6540,224768000,High Speed Craft
703,NA,NA,NA,NA,NA,NA,NA,NA,NA,NA,NA,NA,NA,NA,3660,224768000,High Speed Craft
704,NA,NA,NA,NA,NA,NA,NA,NA,NA,NA,NA,NA,NA,NA,5580,224768000,High Speed Craft
705,NA,NA,NA,NA,NA,NA,NA,NA,NA,NA,NA,NA,NA,NA,3300,224768000,High Speed Craft
706,NA,NA,NA,NA,NA,NA,NA,NA,NA,NA,NA,NA,NA,NA,7080,224768000,High Speed Craft
707,NA,NA,NA,NA,NA,NA,NA,NA,NA,NA,NA,NA,NA,NA,2940,224768000,High Speed Craft
708,NA,NA,NA,NA,NA,NA,NA,NA,NA,NA,NA,NA,NA,NA,3900,224768000,High Speed Craft
709,NA,NA,NA,NA,NA,NA,NA,NA,NA,NA,NA,NA,NA,NA,4140,224768000,High Speed Craft
710,NA,NA,NA,NA,NA,NA,NA,NA,NA,NA,NA,NA,NA,NA,7440,224768000,High Speed Craft
711,NA,NA,NA,NA,NA,NA,NA,NA,NA,NA,NA,NA,NA,NA,3660,224768000,High Speed Craft
712,NA,NA,NA,NA,NA,NA,NA,NA,NA,NA,NA,NA,NA,NA,6540,224768000,High Speed Craft
713,NA,NA,NA,NA,NA,NA,NA,NA,NA,NA,NA,NA,NA,NA,3900,224768000,High Speed Craft
714,NA,NA,NA,NA,NA,NA,NA,NA,NA,NA,NA,NA,NA,NA,4560,224768000,High Speed Craft
715,NA,NA,NA,NA,NA,NA,NA,NA,NA,NA,NA,NA,NA,NA,3780,224768000,High Speed Craft
716,NA,NA,NA,NA,NA,NA,NA,NA,NA,NA,NA,NA,NA,NA,5460,224768000,High Speed Craft
717,NA,NA,NA,NA,NA,NA,NA,NA,NA,NA,NA,NA,NA,NA,4020,224768000,High Speed Craft
718,NA,NA,NA,NA,NA,NA,NA,NA,NA,NA,NA,NA,NA,NA,6720,224768000,High Speed Craft
719,NA,NA,NA,NA,NA,NA,NA,NA,NA,NA,NA,NA,NA,NA,3360,224768000,High Speed Craft
720,NA,NA,NA,NA,NA,NA,NA,NA,NA,NA,NA,NA,NA,NA,7500,224768000,High Speed Craft
721,NA,NA,NA,NA,NA,NA,NA,NA,NA,NA,NA,NA,NA,NA,3180,224768000,High Speed Craft
722,NA,NA,NA,NA,NA,NA,NA,NA,NA,NA,NA,NA,NA,NA,3480,224768000,High Speed Craft
723,NA,NA,NA,NA,NA,NA,NA,NA,NA,NA,NA,NA,NA,NA,3660,224768000,High Speed Craft
724,NA,NA,NA,NA,NA,NA,NA,NA,NA,NA,NA,NA,NA,NA,7080,224768000,High Speed Craft
725,NA,NA,NA,NA,NA,NA,NA,NA,NA,NA,NA,NA,NA,NA,3960,224768000,High Speed Craft
726,NA,NA,NA,NA,NA,NA,NA,NA,NA,NA,NA,NA,NA,NA,6180,224768000,High Speed Craft
727,NA,NA,NA,NA,NA,NA,NA,NA,NA,NA,NA,NA,NA,NA,3780,224768000,High Speed Craft
728,NA,NA,NA,NA,NA,NA,NA,NA,NA,NA,NA,NA,NA,NA,6480,224768000,High Speed Craft
729,NA,NA,NA,NA,NA,NA,NA,NA,NA,NA,NA,NA,NA,NA,4500,224768000,High Speed Craft
730,NA,NA,NA,NA,NA,NA,NA,NA,NA,NA,NA,NA,NA,NA,6120,224768000,High Speed Craft
731,NA,NA,NA,NA,NA,NA,NA,NA,NA,NA,NA,NA,NA,NA,4200,224768000,High Speed Craft
732,NA,NA,NA,NA,NA,NA,NA,NA,NA,NA,NA,NA,NA,NA,7200,224768000,High Speed Craft
733,NA,NA,NA,NA,NA,NA,NA,NA,NA,NA,NA,NA,NA,NA,3900,224768000,High Speed Craft
734,NA,NA,NA,NA,NA,NA,NA,NA,NA,NA,NA,NA,NA,NA,6240,224768000,High Speed Craft
735,NA,NA,NA,NA,NA,NA,NA,NA,NA,NA,NA,NA,NA,NA,3300,224768000,High Speed Craft
736,NA,NA,NA,NA,NA,NA,NA,NA,NA,NA,NA,NA,NA,NA,3600,224768000,High Speed Craft
737,NA,NA,NA,NA,NA,NA,NA,NA,NA,NA,NA,NA,NA,NA,4200,224768000,High Speed Craft
738,NA,NA,NA,NA,NA,NA,NA,NA,NA,NA,NA,NA,NA,NA,6660,224768000,High Speed Craft
739,NA,NA,NA,NA,NA,NA,NA,NA,NA,NA,NA,NA,NA,NA,3780,224768000,High Speed Craft
740,NA,NA,NA,NA,NA,NA,NA,NA,NA,NA,NA,NA,NA,NA,6e3,224768000,High Speed Craft
741,NA,NA,NA,NA,NA,NA,NA,NA,NA,NA,NA,NA,NA,NA,3240,224768000,High Speed Craft
742,NA,NA,NA,NA,NA,NA,NA,NA,NA,NA,NA,NA,NA,NA,480,224768000,High Speed Craft
746,NA,NA,NA,NA,NA,NA,NA,NA,NA,NA,NA,NA,NA,NA,6480,224768000,High Speed Craft
747,NA,NA,NA,NA,NA,NA,NA,NA,NA,NA,NA,NA,NA,NA,3840,224768000,High Speed Craft
748,NA,NA,NA,NA,NA,NA,NA,NA,NA,NA,NA,NA,NA,NA,5520,224768000,High Speed Craft
749,NA,NA,NA,NA,NA,NA,NA,NA,NA,NA,NA,NA,NA,NA,540,224768000,High Speed Craft
751,NA,NA,NA,NA,NA,NA,NA,NA,NA,NA,NA,NA,NA,NA,6600,224768000,High Speed Craft
752,NA,NA,NA,NA,NA,NA,NA,NA,NA,NA,NA,NA,NA,NA,3300,224768000,High Speed Craft
753,NA,NA,NA,NA,NA,NA,NA,NA,NA,NA,NA,NA,NA,NA,3720,224768000,High Speed Craft
754,NA,NA,NA,NA,NA,NA,NA,NA,NA,NA,NA,NA,NA,NA,5880,224768000,High Speed Craft
755,NA,NA,NA,NA,NA,NA,NA,NA,61380,NA,NA,NA,NA,NA,65040,224782000,Fishing Vessel
756,NA,NA,NA,NA,NA,NA,NA,NA,NA,NA,NA,NA,NA,NA,613200,224783000,Pollution Control Vessel
757,NA,NA,NA,NA,6600,NA,NA,NA,NA,NA,NA,NA,NA,NA,1806060,224783000,Pollution Control Vessel
758,NA,NA,NA,NA,NA,NA,NA,NA,NA,NA,NA,NA,NA,NA,99360,224783000,Pollution Control Vessel
759,NA,NA,NA,NA,NA,NA,NA,NA,NA,NA,NA,NA,NA,NA,14760,224783000,Pollution Control Vessel
760,NA,NA,20220,NA,NA,NA,NA,NA,NA,NA,NA,NA,NA,NA,21360,224957000,Passenger
761,NA,NA,NA,NA,NA,NA,NA,NA,NA,NA,NA,NA,NA,NA,6240,224957000,Passenger
762,NA,NA,NA,NA,NA,NA,NA,NA,NA,NA,NA,NA,NA,NA,32400,224957000,Passenger
763,NA,NA,NA,NA,NA,NA,NA,NA,NA,NA,NA,NA,NA,NA,11580,224957000,Passenger
764,NA,NA,NA,NA,NA,NA,NA,NA,NA,NA,NA,NA,NA,NA,21660,224957000,Passenger
765,NA,NA,NA,NA,NA,NA,NA,NA,NA,NA,NA,NA,NA,NA,33480,224957000,Passenger
766,NA,NA,NA,NA,NA,NA,NA,NA,NA,NA,NA,NA,NA,NA,47880,224957000,Passenger
767,NA,NA,NA,NA,NA,NA,NA,NA,NA,NA,NA,NA,NA,NA,4740,224957000,Passenger
768,NA,NA,NA,NA,NA,NA,NA,NA,NA,NA,NA,NA,NA,NA,3180,224957000,Passenger
769,NA,NA,NA,NA,NA,NA,NA,NA,NA,NA,NA,NA,NA,NA,4980,224957000,Passenger
770,NA,NA,NA,NA,NA,NA,NA,NA,NA,NA,NA,NA,NA,NA,3540,224957000,Passenger
771,NA,NA,NA,NA,NA,NA,NA,NA,NA,NA,NA,NA,NA,NA,3480,224957000,Passenger
772,10980,NA,360,NA,NA,NA,NA,NA,NA,NA,NA,NA,NA,NA,12720,224957000,Passenger
773,38040,NA,NA,NA,NA,NA,NA,NA,NA,NA,NA,NA,NA,NA,39600,224957000,Passenger
774,46800,NA,NA,NA,NA,NA,NA,NA,NA,NA,NA,NA,NA,NA,48360,224957000,Passenger
775,46680,NA,NA,NA,NA,NA,NA,NA,NA,NA,NA,NA,NA,NA,48420,224957000,Passenger
776,39900,NA,180,NA,NA,NA,NA,NA,NA,NA,NA,NA,NA,NA,41520,224957000,Passenger
777,NA,NA,NA,NA,NA,NA,NA,NA,NA,NA,NA,NA,NA,NA,3300,224957000,Passenger
778,NA,NA,NA,NA,NA,NA,NA,NA,NA,NA,NA,NA,NA,NA,2820,224957000,Passenger
779,NA,NA,NA,NA,NA,NA,NA,NA,NA,NA,NA,NA,NA,NA,4680,224957000,Passenger
780,NA,NA,NA,NA,NA,NA,NA,NA,NA,NA,NA,NA,NA,NA,3060,224957000,Passenger
781,67860,NA,NA,NA,NA,NA,NA,NA,NA,NA,NA,NA,NA,NA,69300,224957000,Passenger
782,37620,NA,NA,NA,NA,NA,NA,NA,NA,NA,NA,NA,NA,NA,39120,224957000,Passenger
783,NA,NA,NA,NA,NA,NA,NA,NA,NA,NA,NA,NA,NA,NA,45780,224957000,Passenger
784,NA,NA,18540,NA,NA,NA,NA,NA,NA,NA,NA,NA,NA,NA,20100,224957000,Passenger
785,NA,NA,5940,NA,NA,NA,NA,NA,NA,NA,NA,NA,NA,NA,7680,224957000,Passenger
786,28080,NA,NA,NA,NA,NA,NA,NA,NA,NA,NA,NA,NA,NA,29340,224957000,Passenger
787,NA,NA,NA,NA,NA,NA,NA,NA,NA,NA,NA,NA,NA,NA,5160,224957000,Passenger
788,30780,NA,NA,NA,NA,NA,NA,NA,NA,NA,NA,NA,NA,NA,32340,224957000,Passenger
789,NA,NA,18060,NA,NA,NA,NA,NA,NA,NA,NA,NA,NA,NA,19680,224957000,Passenger
790,NA,NA,81120,NA,NA,NA,NA,NA,NA,NA,NA,NA,NA,NA,82800,224957000,Passenger
791,NA,NA,NA,NA,NA,NA,NA,NA,NA,NA,NA,NA,NA,NA,33840,224957000,Passenger
792,NA,NA,NA,NA,NA,NA,NA,NA,NA,NA,NA,NA,NA,NA,12600,224957000,Passenger
793,NA,NA,NA,NA,NA,NA,NA,NA,NA,NA,NA,NA,NA,NA,21480,224957000,Passenger
794,31560,NA,NA,NA,NA,NA,NA,NA,NA,NA,NA,NA,NA,NA,32880,224957000,Passenger
795,NA,NA,19380,NA,NA,NA,NA,NA,NA,NA,NA,NA,NA,NA,21120,224957000,Passenger
796,NA,NA,24420,NA,NA,NA,NA,NA,NA,NA,NA,NA,NA,NA,25800,224957000,Passenger
797,4920,NA,NA,NA,NA,NA,NA,NA,NA,NA,NA,NA,NA,NA,6420,224957000,Passenger
798,29220,NA,120,NA,NA,NA,NA,NA,NA,NA,NA,NA,NA,NA,30720,224957000,Passenger
799,NA,NA,NA,NA,NA,NA,NA,NA,NA,NA,NA,NA,NA,NA,33900,224957000,Passenger
800,NA,NA,NA,NA,NA,NA,NA,NA,NA,NA,NA,NA,NA,NA,5040,224957000,Passenger
801,NA,NA,NA,NA,NA,NA,NA,NA,NA,NA,NA,NA,NA,NA,21300,224957000,Passenger
802,NA,NA,NA,NA,NA,NA,NA,NA,NA,NA,NA,NA,NA,NA,7500,224957000,Passenger
803,NA,NA,NA,13140,NA,NA,NA,NA,NA,NA,NA,NA,NA,NA,15900,225302000,Passenger
804,NA,NA,NA,16200,NA,NA,NA,NA,NA,NA,NA,NA,NA,NA,19200,225302000,Passenger
805,NA,NA,NA,15900,NA,NA,NA,NA,NA,NA,NA,NA,NA,NA,18780,225302000,Passenger
806,NA,NA,NA,17160,NA,NA,NA,NA,NA,NA,NA,NA,NA,NA,19920,225302000,Passenger
807,NA,NA,NA,7980,NA,NA,NA,NA,NA,NA,NA,NA,NA,NA,9720,225302000,Passenger
808,NA,NA,NA,69120,NA,NA,NA,NA,NA,NA,NA,NA,NA,NA,71520,225315000,Passenger
809,NA,NA,NA,52260,NA,NA,NA,NA,NA,NA,NA,NA,NA,NA,54600,225315000,Passenger
810,NA,NA,NA,48720,NA,NA,NA,NA,NA,NA,NA,NA,NA,NA,51120,225315000,Passenger
811,NA,NA,NA,44640,NA,NA,NA,NA,NA,NA,NA,NA,NA,NA,46740,225315000,Passenger
812,NA,NA,NA,29820,NA,NA,NA,NA,NA,NA,NA,NA,NA,NA,32880,225317000,Passenger
813,NA,NA,NA,360,NA,NA,NA,NA,NA,NA,NA,NA,NA,NA,1440,225317000,Passenger
814,NA,NA,NA,17760,NA,NA,NA,NA,NA,NA,NA,NA,NA,NA,18840,225317000,Passenger
815,NA,NA,NA,41460,NA,NA,NA,NA,NA,NA,NA,NA,NA,NA,44580,225317000,Passenger
816,NA,NA,NA,17760,NA,NA,NA,NA,NA,NA,NA,NA,NA,NA,19980,225317000,Passenger
818,NA,NA,5160,NA,NA,NA,NA,NA,NA,NA,NA,NA,NA,NA,7320,225416000,Passenger
819,NA,NA,18420,NA,NA,NA,NA,NA,NA,NA,NA,NA,NA,NA,20580,225416000,Passenger
820,NA,NA,25920,NA,NA,NA,NA,NA,NA,NA,NA,NA,NA,NA,27900,225416000,Passenger
821,21e3,NA,NA,NA,NA,NA,NA,NA,NA,NA,NA,NA,NA,NA,22500,225416000,Passenger
822,NA,NA,NA,NA,NA,NA,NA,NA,NA,NA,NA,NA,NA,NA,3660,225416000,Passenger
823,NA,NA,5280,NA,NA,NA,NA,NA,NA,NA,NA,NA,NA,NA,7560,225416000,Passenger
824,NA,NA,17520,NA,NA,NA,NA,NA,NA,NA,NA,NA,NA,NA,19980,225416000,Passenger
825,NA,NA,23580,NA,NA,NA,NA,NA,NA,NA,NA,NA,NA,NA,25800,225416000,Passenger
826,18540,NA,NA,NA,NA,NA,NA,NA,NA,NA,NA,NA,NA,NA,20160,225416000,Passenger
827,NA,NA,NA,NA,NA,NA,NA,NA,NA,NA,NA,NA,NA,NA,3600,225416000,Passenger
828,NA,NA,4860,NA,NA,NA,NA,NA,NA,NA,NA,NA,NA,NA,6960,225416000,Passenger
829,NA,NA,18780,NA,NA,NA,NA,NA,NA,NA,NA,NA,NA,NA,21e3,225416000,Passenger
830,8040,NA,NA,NA,NA,NA,NA,NA,NA,NA,NA,NA,NA,NA,9900,225416000,Passenger
831,33960,NA,240,NA,NA,NA,NA,NA,NA,NA,NA,NA,NA,NA,36120,225416000,Passenger
832,NA,NA,NA,NA,NA,NA,NA,NA,NA,NA,NA,NA,NA,NA,4020,225416000,Passenger
833,NA,NA,5700,NA,NA,NA,NA,NA,NA,NA,NA,NA,NA,NA,7980,225416000,Passenger
834,NA,NA,18420,NA,NA,NA,NA,NA,NA,NA,NA,NA,NA,NA,20640,225416000,Passenger
835,9480,NA,NA,NA,NA,NA,NA,NA,NA,NA,NA,NA,NA,NA,11280,225416000,Passenger
836,28980,NA,NA,NA,NA,NA,NA,NA,NA,NA,NA,NA,NA,NA,35520,225416000,Passenger
837,NA,NA,NA,NA,NA,NA,NA,NA,NA,NA,NA,NA,NA,NA,3600,225416000,Passenger
838,NA,NA,5040,NA,NA,NA,NA,NA,NA,NA,NA,NA,NA,NA,7680,225416000,Passenger
839,NA,NA,18e3,NA,NA,NA,NA,NA,NA,NA,NA,NA,NA,NA,20340,225416000,Passenger
840,NA,NA,NA,NA,NA,NA,NA,132420,NA,NA,NA,NA,NA,NA,138300,225430000,Passenger
841,NA,NA,NA,NA,NA,NA,NA,134040,NA,NA,NA,NA,NA,NA,136800,225430000,Passenger
842,NA,NA,NA,NA,NA,NA,NA,134700,NA,NA,NA,NA,NA,NA,137160,225430000,Passenger
843,NA,NA,NA,NA,NA,NA,NA,134340,NA,NA,NA,NA,NA,NA,137100,225430000,Passenger
844,NA,NA,NA,NA,NA,NA,NA,39660,NA,NA,NA,NA,NA,NA,41100,225430000,Passenger
845,NA,NA,NA,NA,NA,NA,NA,14520,NA,NA,NA,NA,NA,NA,14520,225430000,Passenger
846,NA,NA,NA,NA,NA,NA,NA,NA,99540,NA,NA,NA,NA,NA,644220,225438000,Tanker
847,NA,NA,NA,13020,NA,NA,NA,NA,NA,NA,NA,NA,NA,NA,14280,225459000,Fishing Vessel
848,NA,NA,NA,72060,NA,NA,NA,NA,NA,NA,NA,NA,NA,NA,74460,225459000,Fishing Vessel
849,NA,NA,NA,52200,NA,NA,NA,NA,NA,NA,NA,NA,NA,NA,53160,225459000,Fishing Vessel
850,NA,NA,NA,45360,NA,NA,NA,NA,NA,NA,NA,NA,NA,NA,47100,225459000,Fishing Vessel
851,NA,NA,NA,82860,NA,NA,NA,NA,NA,NA,NA,NA,NA,NA,82860,225459000,Fishing Vessel
852,NA,NA,NA,29040,NA,NA,NA,NA,NA,NA,NA,NA,NA,NA,29040,225459000,Fishing Vessel
853,NA,NA,NA,NA,NA,NA,NA,NA,NA,NA,NA,NA,NA,632280,632280,225922990,Pleasure Craft
854,NA,NA,NA,NA,NA,NA,NA,NA,NA,NA,NA,NA,2520,1800780,1808040,225922990,Pleasure Craft
855,NA,NA,NA,NA,NA,NA,NA,NA,NA,NA,NA,NA,3060,97260,108840,225922990,Pleasure Craft
856,NA,NA,NA,NA,NA,NA,NA,NA,NA,NA,NA,NA,NA,162240,165360,225939760,Pleasure Craft
857,NA,NA,NA,NA,NA,NA,NA,NA,NA,NA,NA,NA,NA,1260,2160,225939760,Pleasure Craft
859,NA,NA,NA,NA,NA,NA,NA,NA,NA,NA,NA,NA,1080,16320,19980,225939760,Pleasure Craft
861,NA,NA,NA,NA,NA,NA,NA,NA,NA,NA,NA,NA,NA,6060,9180,225966730,Pleasure Craft
863,NA,NA,NA,NA,NA,NA,NA,NA,NA,NA,NA,NA,NA,1200,2640,225966730,Pleasure Craft
864,NA,NA,NA,NA,NA,NA,NA,NA,NA,NA,NA,NA,NA,240,1320,225966730,Pleasure Craft
865,NA,NA,NA,NA,NA,NA,NA,NA,NA,NA,NA,NA,NA,7500,13800,225966730,Pleasure Craft
866,NA,NA,NA,NA,NA,NA,NA,NA,NA,NA,NA,NA,NA,1920,3780,225966730,Pleasure Craft
869,NA,NA,NA,NA,NA,NA,NA,NA,NA,NA,NA,NA,68400,NA,68400,227108720,Pleasure Craft
870,NA,NA,NA,NA,NA,NA,NA,NA,NA,NA,NA,NA,34920,NA,34920,227108720,Pleasure Craft
871,NA,NA,NA,NA,NA,NA,NA,NA,NA,NA,NA,NA,10080,NA,10080,227108720,Pleasure Craft
872,NA,NA,NA,NA,NA,NA,NA,NA,NA,NA,NA,NA,9360,NA,9360,227108720,Pleasure Craft
873,NA,NA,NA,NA,NA,NA,NA,NA,NA,NA,NA,NA,13320,NA,13320,227108720,Pleasure Craft
874,NA,NA,NA,NA,NA,NA,NA,NA,NA,NA,NA,NA,10080,NA,10080,227108720,Pleasure Craft
877,NA,NA,NA,NA,NA,NA,NA,NA,NA,NA,NA,NA,50040,NA,50040,227108720,Pleasure Craft
878,NA,NA,NA,NA,NA,NA,NA,NA,NA,NA,NA,NA,9e3,NA,9e3,227108720,Pleasure Craft
879,NA,NA,NA,NA,NA,NA,NA,NA,NA,NA,NA,NA,30960,NA,30960,227108720,Pleasure Craft
880,NA,NA,NA,NA,NA,NA,NA,NA,NA,NA,NA,NA,13680,NA,13680,227108720,Pleasure Craft
881,NA,NA,NA,NA,NA,NA,NA,NA,NA,NA,NA,NA,15480,NA,15480,227108720,Pleasure Craft
882,NA,NA,NA,NA,NA,NA,NA,NA,NA,NA,NA,NA,10440,NA,10440,227108720,Pleasure Craft
883,NA,NA,NA,NA,NA,NA,NA,NA,NA,NA,NA,NA,31680,NA,31680,227108720,Pleasure Craft
885,NA,NA,NA,NA,NA,NA,NA,NA,NA,NA,NA,NA,142920,NA,142920,227108720,Pleasure Craft
886,NA,NA,NA,NA,NA,NA,NA,NA,NA,NA,NA,NA,54240,NA,54240,227108720,Pleasure Craft
888,NA,NA,NA,NA,NA,NA,NA,NA,NA,NA,NA,NA,19800,NA,19800,227108720,Pleasure Craft
889,NA,NA,NA,NA,NA,NA,NA,NA,NA,NA,NA,NA,34920,NA,34920,227108720,Pleasure Craft
891,NA,NA,NA,NA,NA,NA,NA,NA,NA,NA,NA,NA,63e3,NA,63e3,227108720,Pleasure Craft
892,NA,NA,NA,NA,NA,NA,NA,NA,NA,NA,NA,NA,14640,NA,14640,227108720,Pleasure Craft
893,NA,NA,NA,NA,NA,NA,NA,NA,NA,NA,NA,NA,100440,NA,100440,227108720,Pleasure Craft
894,NA,NA,NA,NA,NA,NA,NA,NA,NA,NA,NA,NA,24480,NA,24480,227108720,Pleasure Craft
896,NA,NA,NA,NA,NA,NA,NA,NA,NA,NA,NA,NA,36e3,NA,36e3,227108720,Pleasure Craft
897,NA,NA,NA,NA,NA,NA,NA,NA,NA,NA,NA,NA,13320,NA,13320,227108720,Pleasure Craft
898,NA,NA,NA,NA,NA,NA,NA,NA,NA,NA,NA,NA,77400,NA,77400,227108720,Pleasure Craft
900,NA,NA,NA,NA,NA,NA,NA,NA,NA,NA,NA,NA,130020,NA,130020,227108720,Pleasure Craft
901,NA,NA,NA,NA,NA,NA,NA,NA,NA,NA,NA,NA,22260,NA,22260,227108720,Pleasure Craft
902,NA,NA,NA,NA,NA,NA,NA,NA,NA,NA,NA,NA,11880,NA,11880,227108720,Pleasure Craft
903,NA,NA,NA,NA,NA,NA,NA,NA,NA,NA,NA,NA,89280,NA,89280,227108720,Pleasure Craft
905,NA,NA,NA,NA,NA,NA,NA,NA,NA,NA,NA,NA,40380,NA,40380,227108720,Pleasure Craft
908,NA,NA,NA,NA,NA,NA,NA,NA,NA,NA,NA,NA,54420,NA,54420,227108720,Pleasure Craft
910,NA,NA,NA,NA,NA,NA,NA,NA,NA,NA,NA,NA,29520,NA,29520,227108720,Pleasure Craft
911,NA,NA,NA,NA,NA,NA,NA,NA,NA,NA,NA,NA,11880,NA,11880,227108720,Pleasure Craft
912,NA,NA,NA,NA,NA,NA,NA,NA,NA,NA,NA,NA,14760,NA,14760,227108720,Pleasure Craft
913,NA,NA,NA,NA,NA,NA,NA,NA,NA,NA,NA,NA,16560,NA,16560,227108720,Pleasure Craft
916,NA,NA,NA,NA,NA,NA,NA,NA,NA,NA,NA,NA,8640,NA,8640,227108720,Pleasure Craft
917,NA,NA,NA,NA,NA,NA,NA,NA,NA,NA,NA,NA,43920,NA,43920,227108720,Pleasure Craft
919,NA,NA,NA,NA,NA,NA,NA,NA,NA,NA,NA,NA,13320,NA,13320,227108720,Pleasure Craft
920,NA,NA,NA,NA,NA,NA,NA,NA,NA,NA,NA,NA,10080,NA,10080,227108720,Pleasure Craft
921,NA,NA,NA,NA,NA,NA,NA,NA,NA,NA,NA,NA,13680,NA,13680,227108720,Pleasure Craft
923,NA,NA,NA,NA,NA,NA,NA,NA,NA,NA,NA,NA,20880,NA,20880,227108720,Pleasure Craft
924,NA,NA,NA,NA,NA,NA,NA,NA,NA,NA,NA,NA,24480,NA,24480,227108720,Pleasure Craft
925,NA,NA,NA,NA,NA,NA,NA,NA,NA,NA,NA,NA,71940,NA,71940,227108720,Pleasure Craft
930,NA,NA,NA,NA,NA,NA,NA,NA,NA,NA,NA,NA,43980,NA,45420,227160750,Pleasure Craft
931,NA,NA,NA,NA,NA,NA,NA,NA,NA,NA,NA,NA,1080,NA,2640,227160750,Pleasure Craft
933,NA,NA,NA,NA,NA,NA,NA,NA,NA,NA,NA,NA,23820,NA,23820,227160750,Pleasure Craft
936,NA,NA,NA,NA,NA,NA,NA,NA,NA,NA,NA,NA,17760,NA,17760,227160750,Pleasure Craft
937,NA,NA,NA,NA,NA,NA,NA,NA,NA,NA,NA,NA,16380,NA,16380,227160750,Pleasure Craft
941,NA,NA,NA,NA,NA,NA,NA,NA,NA,NA,NA,NA,17040,NA,17040,227160750,Pleasure Craft
942,NA,NA,NA,NA,NA,NA,NA,NA,NA,NA,NA,NA,27660,NA,27660,227160750,Pleasure Craft
943,NA,NA,NA,NA,NA,NA,NA,NA,NA,NA,NA,NA,13500,NA,13500,227160750,Pleasure Craft
947,NA,NA,NA,NA,NA,NA,NA,NA,NA,NA,NA,NA,13140,NA,13140,227160750,Pleasure Craft
949,NA,NA,NA,NA,NA,NA,NA,NA,NA,NA,NA,NA,17400,NA,18600,227160750,Pleasure Craft
950,NA,NA,NA,NA,NA,NA,NA,NA,NA,NA,NA,NA,240,NA,1380,227205840,Pleasure Craft
953,NA,NA,NA,NA,NA,NA,NA,NA,NA,NA,NA,NA,NA,10320,12240,227237270,Pleasure Craft
954,NA,NA,NA,NA,NA,NA,NA,NA,NA,NA,NA,NA,NA,NA,1680,227237270,Pleasure Craft
955,NA,NA,NA,NA,NA,NA,NA,NA,NA,NA,NA,NA,NA,8220,9780,227237270,Pleasure Craft
956,NA,NA,NA,NA,NA,NA,NA,NA,NA,NA,NA,NA,1260,NA,2520,227700320,Pleasure Craft
957,NA,NA,NA,NA,NA,NA,NA,NA,NA,NA,NA,NA,NA,NA,34260,229081000,Bulk Carrier
958,NA,NA,NA,NA,NA,NA,NA,NA,NA,NA,NA,NA,NA,NA,29100,229334000,Bulk Carrier
959,NA,NA,NA,NA,NA,NA,NA,NA,NA,NA,NA,NA,NA,NA,35520,229335000,Bulk Carrier
960,NA,NA,58560,NA,NA,NA,NA,NA,NA,NA,NA,NA,NA,NA,62520,229651000,Container Ship
961,NA,NA,NA,NA,NA,NA,NA,NA,NA,NA,NA,NA,NA,NA,29640,229815000,Bulk Carrier
963,NA,NA,NA,NA,NA,NA,NA,NA,49260,NA,NA,NA,NA,NA,53880,232977000,General Cargo
964,NA,NA,NA,NA,NA,NA,NA,NA,NA,NA,27540,NA,NA,NA,31200,233659000,Trawler
965,NA,NA,NA,NA,7560,NA,NA,NA,NA,NA,NA,NA,NA,NA,153480,233694000,General Cargo
966,NA,NA,NA,NA,327300,NA,NA,NA,NA,NA,NA,NA,NA,NA,327300,233694000,General Cargo
967,NA,NA,NA,NA,84480,NA,NA,NA,NA,NA,NA,NA,NA,NA,84480,233694000,General Cargo
968,NA,NA,NA,NA,1624680,NA,NA,NA,NA,NA,NA,NA,NA,NA,1624680,233694000,General Cargo
969,NA,NA,NA,NA,97200,NA,NA,NA,NA,NA,NA,NA,NA,NA,97200,233694000,General Cargo
971,NA,NA,NA,NA,10080,NA,NA,NA,NA,NA,NA,NA,NA,NA,10080,233694000,General Cargo
973,NA,NA,NA,NA,NA,NA,NA,NA,NA,NA,NA,NA,23580,NA,23580,235009907,Pleasure Craft
974,NA,84600,NA,NA,125160,NA,NA,NA,NA,NA,NA,NA,NA,NA,213840,235056099,Tug
975,NA,NA,NA,NA,NA,NA,NA,NA,NA,NA,NA,NA,NA,NA,114720,235060252,Tanker
976,NA,NA,NA,NA,NA,NA,NA,NA,13260,NA,NA,NA,NA,NA,18420,235067944,General Cargo
977,NA,NA,NA,NA,NA,NA,NA,NA,NA,NA,NA,NA,NA,NA,28620,235069271,General Cargo
978,NA,NA,120,NA,NA,NA,NA,NA,NA,NA,NA,NA,NA,NA,26220,235070715,General Cargo
979,NA,NA,NA,NA,NA,NA,NA,NA,13140,NA,NA,NA,NA,NA,19500,235073372,General Cargo
981,NA,NA,NA,NA,NA,NA,NA,NA,NA,NA,NA,NA,NA,NA,186120,235077805,General Cargo
982,NA,NA,NA,NA,NA,NA,NA,NA,NA,NA,NA,NA,8040,NA,8040,235078897,Pleasure Craft
984,NA,NA,NA,NA,NA,NA,NA,NA,NA,NA,NA,NA,4260,NA,5340,235078897,Pleasure Craft
985,NA,NA,NA,NA,NA,NA,NA,11520,NA,NA,NA,NA,NA,NA,97440,235080632,General Cargo
986,NA,NA,NA,NA,NA,NA,NA,17880,NA,NA,NA,NA,NA,NA,22800,235080999,General Cargo
987,NA,NA,NA,NA,NA,NA,NA,NA,NA,NA,NA,NA,NA,NA,60240,235084806,Tug
988,NA,NA,NA,NA,NA,NA,NA,NA,NA,NA,NA,NA,NA,NA,25320,235100377,Bulk Carrier
989,NA,NA,NA,NA,26160,NA,NA,NA,NA,NA,NA,NA,NA,NA,26160,235465000,Tug/Supply Vessel
990,NA,NA,NA,NA,397020,NA,NA,NA,NA,NA,NA,NA,NA,NA,397020,235465000,Tug/Supply Vessel
991,NA,NA,NA,NA,546360,NA,NA,NA,NA,NA,NA,NA,NA,NA,895440,235465000,Tug/Supply Vessel
992,NA,NA,NA,NA,67800,NA,NA,NA,NA,NA,NA,NA,NA,NA,68940,235631000,Offshore Supply Ship
993,NA,NA,NA,NA,117420,NA,NA,NA,NA,NA,NA,NA,NA,NA,118320,235631000,Offshore Supply Ship
994,NA,NA,NA,NA,NA,NA,NA,NA,NA,NA,54240,NA,NA,NA,58440,236111768,Tanker
995,NA,NA,NA,NA,NA,NA,NA,NA,NA,NA,NA,NA,NA,NA,54120,236111913,Bulk Carrier
996,NA,NA,NA,NA,NA,NA,NA,NA,NA,NA,NA,NA,NA,NA,1440,236111913,Bulk Carrier
997,NA,NA,NA,NA,NA,NA,NA,NA,NA,NA,NA,NA,NA,NA,2100,236502000,Tanker
998,NA,NA,NA,NA,NA,NA,NA,196560,NA,NA,NA,NA,NA,NA,447360,236502000,Tanker
999,NA,NA,24660,NA,NA,NA,NA,310080,NA,NA,NA,NA,NA,NA,1264200,236502000,Tanker
1000,NA,NA,NA,NA,24900,NA,NA,52380,NA,NA,NA,NA,NA,NA,227220,236502000,Tanker
1001,NA,NA,NA,NA,NA,NA,NA,42e3,NA,NA,NA,NA,NA,NA,46200,236502000,Tanker
1002,NA,NA,NA,NA,NA,NA,NA,NA,NA,NA,NA,NA,NA,NA,120360,236518000,Tanker
1003,NA,NA,12360,NA,NA,NA,NA,19380,NA,NA,NA,NA,NA,NA,369240,236518000,Tanker
1004,NA,NA,NA,NA,NA,NA,NA,158760,NA,NA,NA,NA,NA,NA,1205280,236518000,Tanker
1005,NA,NA,17700,19380,NA,NA,NA,75240,NA,NA,NA,NA,NA,NA,414540,236518000,Tanker
1006,NA,NA,NA,1200,NA,NA,NA,14400,NA,NA,NA,NA,NA,NA,100800,236518000,Tanker
1007,NA,NA,NA,NA,22260,NA,NA,NA,NA,NA,NA,NA,NA,NA,209820,236579000,Offshore Supply Ship
1008,NA,NA,NA,NA,NA,NA,NA,NA,NA,NA,NA,NA,NA,NA,540,236579000,Offshore Supply Ship
1011,NA,NA,220080,NA,NA,NA,NA,NA,NA,NA,NA,NA,NA,NA,222780,240028000,Container Ship
1014,NA,NA,NA,NA,NA,NA,NA,NA,NA,NA,NA,NA,NA,NA,29460,240564000,Bulk Carrier
1020,NA,NA,NA,NA,NA,NA,NA,NA,NA,NA,NA,NA,NA,NA,60600,241284000,Bulk Carrier
1021,NA,NA,NA,NA,NA,NA,NA,NA,NA,NA,NA,NA,NA,NA,43200,242135100,Fishing Vessel
1022,NA,NA,NA,NA,NA,NA,NA,NA,NA,NA,NA,NA,NA,NA,168e3,242135100,Fishing Vessel
1023,NA,NA,NA,NA,4140,NA,NA,NA,NA,NA,NA,NA,NA,NA,418080,242135100,Fishing Vessel
1024,NA,NA,NA,NA,1080,NA,NA,NA,NA,96360,NA,NA,NA,NA,547800,242135100,Fishing Vessel
1025,NA,NA,NA,NA,NA,NA,NA,NA,NA,NA,NA,628560,NA,NA,631320,242141100,Trawler
1026,NA,NA,NA,NA,NA,NA,NA,NA,NA,NA,NA,1264020,NA,NA,1264020,242141100,Trawler
1027,NA,NA,NA,NA,NA,NA,NA,NA,NA,NA,NA,33900,NA,NA,33900,242141100,Trawler
1028,NA,NA,NA,NA,NA,NA,NA,NA,NA,NA,NA,119100,NA,NA,119100,242141100,Trawler
1029,NA,NA,NA,NA,9360,NA,NA,NA,NA,NA,NA,NA,NA,NA,12060,242173100,Fishing Vessel
1030,NA,NA,NA,NA,360,NA,NA,NA,NA,NA,NA,NA,NA,NA,798060,242173100,Fishing Vessel
1031,NA,NA,NA,NA,161520,NA,NA,NA,NA,NA,NA,NA,NA,NA,162240,242173100,Fishing Vessel
1032,NA,NA,NA,NA,78360,NA,NA,NA,NA,NA,NA,NA,NA,NA,323880,242173100,Fishing Vessel
1033,NA,NA,NA,NA,NA,NA,NA,NA,NA,NA,NA,NA,NA,NA,118560,242173100,Fishing Vessel
1034,120,39960,120,NA,NA,NA,NA,NA,NA,NA,NA,NA,NA,NA,44400,242576000,Tanker
1035,NA,NA,NA,NA,NA,NA,NA,NA,NA,NA,NA,NA,NA,NA,239460,244002000,General Cargo
1036,NA,NA,NA,NA,NA,NA,NA,NA,NA,NA,NA,NA,10380,NA,12120,244020664,Pleasure Craft
1037,NA,NA,NA,NA,NA,NA,NA,NA,NA,NA,NA,NA,1200,NA,2580,244060681,Pleasure Craft
1039,NA,NA,NA,NA,NA,NA,NA,NA,NA,NA,NA,NA,30120,NA,33240,244615063,Pleasure Craft
1041,NA,NA,NA,NA,NA,NA,NA,NA,NA,NA,NA,NA,1140,NA,2220,244700973,Pleasure Craft
1042,NA,NA,NA,NA,NA,NA,NA,NA,NA,NA,NA,NA,8100,NA,9120,244780472,Pleasure Craft
1043,NA,75060,NA,NA,NA,NA,NA,NA,NA,NA,NA,NA,NA,NA,80700,244810083,Tug
1044,NA,NA,NA,NA,NA,NA,NA,35400,NA,NA,NA,NA,NA,NA,38340,244819000,General Cargo
1045,NA,NA,NA,NA,NA,NA,NA,NA,26580,NA,NA,NA,NA,NA,32940,245021000,Heavy Load Carrier
1046,NA,NA,NA,NA,NA,NA,NA,NA,NA,NA,NA,NA,NA,NA,69660,245107000,Container Ship
1047,NA,NA,NA,NA,NA,NA,NA,NA,NA,NA,NA,NA,NA,NA,92580,245107000,Container Ship
1049,NA,NA,NA,NA,NA,NA,NA,NA,NA,4380,NA,NA,NA,NA,8760,245811000,Factory Trawler
1050,NA,NA,NA,NA,NA,NA,NA,NA,NA,NA,NA,NA,NA,NA,25680,245949000,General Cargo
1051,NA,NA,NA,NA,NA,NA,NA,NA,NA,NA,117480,NA,NA,NA,122820,246100000,General Cargo
1052,NA,NA,NA,NA,NA,NA,470400,NA,NA,NA,NA,NA,NA,NA,472320,246130000,Offshore Supply Ship
1053,NA,NA,NA,NA,NA,NA,NA,NA,NA,NA,NA,NA,NA,NA,22080,246246000,General Cargo
1054,NA,NA,NA,NA,NA,NA,NA,NA,NA,NA,1320,NA,NA,NA,18360,246661000,Heavy Load Carrier
1055,NA,NA,NA,NA,NA,NA,NA,NA,NA,NA,NA,NA,NA,NA,147360,246719000,General Cargo
1056,NA,NA,NA,NA,NA,NA,NA,NA,NA,NA,49920,NA,NA,NA,124920,247118800,Tanker
1057,NA,120420,NA,NA,NA,NA,NA,NA,NA,NA,NA,NA,NA,NA,124440,247118800,Tanker
1058,NA,NA,NA,NA,NA,NA,NA,NA,NA,NA,15780,NA,NA,NA,19680,247189500,General Cargo
1059,NA,NA,NA,NA,NA,NA,NA,NA,NA,NA,NA,NA,NA,NA,166200,247191500,Fire Fighting Vessel
1060,NA,NA,NA,NA,NA,NA,NA,NA,NA,NA,NA,NA,NA,NA,12900,247191500,Fire Fighting Vessel
1065,NA,NA,NA,NA,1347060,NA,NA,NA,NA,NA,NA,NA,NA,NA,1351980,248428000,Passenger
1066,NA,NA,NA,NA,118800,NA,NA,NA,NA,NA,NA,NA,NA,NA,118800,248428000,Passenger
1067,NA,NA,91680,NA,NA,NA,NA,NA,NA,NA,NA,NA,NA,NA,94140,248931000,Container Ship
1068,NA,NA,78360,NA,NA,NA,NA,NA,NA,NA,NA,NA,NA,NA,80820,248955000,Container Ship
1069,NA,26820,NA,NA,NA,NA,NA,NA,NA,NA,NA,NA,NA,NA,28020,249210000,Tanker
1070,NA,12960,NA,NA,NA,NA,NA,NA,NA,NA,NA,NA,NA,NA,12960,249210000,Tanker
1071,NA,NA,NA,NA,NA,NA,NA,NA,NA,NA,NA,NA,NA,NA,140400,249560000,Tug/Supply Vessel
1072,NA,NA,78120,NA,NA,NA,NA,NA,NA,NA,NA,NA,NA,NA,80580,249715000,Container Ship
1074,NA,NA,NA,NA,NA,NA,NA,14040,NA,NA,NA,NA,NA,NA,18600,255802440,Tanker
1075,NA,NA,NA,NA,NA,NA,NA,NA,NA,NA,48060,NA,NA,NA,51180,255802440,Tanker
1076,NA,NA,28140,NA,NA,NA,NA,NA,NA,NA,NA,NA,NA,NA,29940,255802850,General Cargo
1077,NA,NA,NA,NA,NA,NA,NA,NA,NA,NA,NA,NA,NA,NA,55380,255803940,Container Ship
1078,NA,NA,NA,NA,NA,NA,NA,NA,NA,NA,NA,NA,NA,NA,47100,255803940,Container Ship
1079,NA,NA,NA,NA,NA,NA,NA,NA,NA,NA,NA,NA,NA,NA,51900,255803950,Container Ship
1080,NA,NA,NA,NA,NA,NA,NA,NA,NA,NA,NA,NA,NA,NA,70020,255803950,Container Ship
1081,NA,NA,NA,NA,NA,NA,NA,NA,NA,NA,NA,NA,NA,NA,51960,255803960,General Cargo
1083,NA,NA,53580,NA,NA,NA,NA,NA,NA,NA,NA,NA,NA,NA,55920,255805600,Container Ship
1084,NA,NA,59100,NA,NA,NA,NA,NA,NA,NA,NA,NA,NA,NA,61380,255805600,Container Ship
1085,NA,NA,62280,NA,NA,NA,NA,NA,NA,NA,NA,NA,NA,NA,64620,255805601,Container Ship
1086,NA,NA,55320,NA,NA,NA,NA,NA,NA,NA,NA,NA,NA,NA,58020,255805601,Container Ship
1087,NA,NA,NA,NA,NA,NA,NA,NA,NA,NA,NA,NA,NA,NA,121740,256210000,Tanker
1088,NA,NA,NA,NA,NA,NA,NA,NA,NA,NA,23460,NA,NA,NA,52500,256252000,General Cargo
1089,NA,NA,NA,NA,NA,NA,NA,NA,NA,NA,NA,NA,NA,NA,84480,256252000,General Cargo
1091,NA,NA,NA,NA,NA,NA,NA,12360,NA,NA,NA,NA,NA,NA,83880,256462000,Tanker
1092,NA,NA,21600,NA,NA,NA,NA,135120,NA,NA,NA,NA,NA,NA,390720,256462000,Tanker
1093,NA,NA,21660,NA,NA,NA,NA,711960,NA,NA,NA,NA,NA,NA,1539180,256462000,Tanker
1094,NA,NA,NA,NA,NA,NA,NA,NA,NA,NA,NA,NA,NA,NA,98580,256462000,Tanker
1095,NA,NA,NA,NA,NA,NA,NA,NA,NA,NA,NA,NA,NA,NA,17460,256462000,Tanker
1096,NA,NA,NA,NA,NA,NA,NA,18720,NA,NA,NA,NA,NA,NA,22740,256678000,Bulk Carrier
1097,NA,NA,NA,NA,NA,NA,NA,NA,NA,NA,NA,NA,NA,NA,420,256682000,Bulk Carrier
1098,NA,NA,NA,NA,NA,NA,NA,NA,NA,NA,NA,NA,NA,NA,27420,256934000,Tanker
1100,NA,NA,NA,NA,360,NA,NA,NA,NA,NA,NA,NA,NA,NA,264060,257146000,Trawler
1102,NA,NA,NA,NA,240,NA,NA,NA,NA,NA,NA,NA,NA,NA,46020,257146000,Trawler
1104,NA,NA,NA,NA,NA,NA,NA,NA,NA,NA,NA,NA,5100,NA,5700,258083950,Pleasure Craft
1107,NA,NA,NA,NA,NA,NA,NA,NA,NA,NA,NA,NA,NA,NA,5580,259861000,LNG Tanker
1108,NA,NA,NA,NA,NA,NA,NA,NA,NA,NA,NA,NA,NA,NA,35400,259889000,Multi Purpose Offshore Vessel
1109,NA,NA,NA,NA,NA,NA,NA,NA,NA,80340,NA,NA,NA,NA,82920,261522000,Trawler
1110,NA,NA,NA,NA,NA,NA,NA,NA,NA,NA,NA,NA,NA,NA,297600,263141000,Pleasure Craft
1111,NA,NA,NA,NA,NA,NA,NA,NA,NA,NA,NA,NA,2160,NA,5820,263921540,Pleasure Craft
1112,NA,NA,NA,NA,NA,NA,NA,NA,NA,NA,NA,NA,288120,NA,288120,265551760,Pleasure Craft
1113,NA,NA,NA,NA,NA,NA,NA,NA,NA,NA,NA,NA,1817700,NA,1817700,265551760,Pleasure Craft
1114,NA,NA,NA,NA,NA,NA,NA,NA,NA,NA,NA,NA,99720,NA,99720,265551760,Pleasure Craft
1115,NA,NA,NA,NA,NA,NA,NA,NA,NA,NA,NA,NA,15780,NA,15780,265551760,Pleasure Craft
1116,NA,NA,NA,NA,NA,NA,NA,NA,NA,NA,NA,NA,632460,NA,632460,265603100,Pleasure Craft
1117,NA,NA,NA,NA,NA,NA,NA,NA,NA,NA,NA,NA,649140,NA,649140,265603100,Pleasure Craft
1118,NA,NA,NA,NA,NA,NA,NA,NA,NA,NA,NA,NA,216660,NA,216660,265603100,Pleasure Craft
1119,NA,NA,NA,NA,NA,NA,NA,NA,NA,NA,NA,NA,480,NA,2340,265636940,Pleasure Craft
1120,NA,NA,NA,NA,NA,NA,NA,NA,NA,NA,NA,NA,142440,NA,143700,265698560,Pleasure Craft
1121,NA,NA,NA,NA,NA,NA,NA,NA,NA,NA,NA,NA,8280,NA,8280,265698560,Pleasure Craft
1127,NA,NA,NA,NA,NA,NA,NA,NA,NA,NA,NA,NA,947820,NA,947820,265698560,Pleasure Craft
1128,NA,NA,NA,NA,NA,NA,NA,NA,NA,NA,NA,NA,41040,NA,41040,265698560,Pleasure Craft
1129,NA,NA,NA,NA,NA,NA,NA,NA,NA,NA,NA,NA,467100,NA,467100,265698560,Pleasure Craft
1130,NA,NA,NA,NA,NA,NA,NA,NA,NA,NA,NA,NA,99900,NA,99900,265698560,Pleasure Craft
1133,NA,NA,NA,NA,NA,NA,NA,NA,NA,NA,NA,NA,33840,NA,33840,265698560,Pleasure Craft
1134,NA,NA,NA,NA,NA,NA,NA,NA,NA,NA,NA,NA,15660,NA,15660,265698560,Pleasure Craft
1135,NA,NA,NA,NA,NA,NA,NA,NA,NA,NA,NA,NA,42480,NA,42480,265698560,Pleasure Craft
1136,NA,NA,NA,NA,NA,NA,NA,NA,NA,NA,NA,NA,41280,NA,41280,265698560,Pleasure Craft
1137,NA,NA,NA,NA,NA,NA,NA,NA,NA,NA,NA,NA,26460,NA,26460,265698560,Pleasure Craft
1138,NA,NA,NA,NA,NA,NA,NA,NA,NA,NA,NA,NA,15300,NA,15300,265698560,Pleasure Craft
1139,NA,NA,NA,NA,NA,NA,NA,NA,NA,NA,NA,NA,20160,NA,20160,265698560,Pleasure Craft
1140,NA,NA,NA,NA,NA,NA,NA,NA,NA,NA,NA,NA,12840,NA,12840,265698560,Pleasure Craft
1141,NA,NA,NA,NA,NA,NA,NA,NA,NA,NA,NA,NA,26640,NA,26640,265698560,Pleasure Craft
1142,NA,NA,NA,NA,NA,NA,NA,NA,NA,NA,NA,NA,21600,NA,21600,265698560,Pleasure Craft
1143,NA,NA,NA,NA,NA,NA,NA,NA,NA,NA,NA,NA,32760,NA,32760,265698560,Pleasure Craft
1147,NA,NA,NA,NA,NA,NA,NA,NA,NA,NA,NA,NA,425940,NA,427260,265708930,Pleasure Craft
1148,NA,NA,NA,NA,NA,NA,NA,NA,NA,NA,NA,NA,NA,NA,1980,266201000,Tanker
1149,NA,NA,NA,NA,NA,NA,NA,NA,NA,NA,NA,NA,NA,NA,5040,266201000,Tanker
1151,NA,NA,NA,NA,NA,NA,NA,21120,NA,NA,NA,NA,NA,NA,25500,271000601,General Cargo
1156,NA,NA,NA,NA,NA,78180,NA,NA,NA,NA,NA,NA,NA,NA,78180,273250200,Factory Trawler
1158,NA,NA,NA,NA,NA,49920,NA,NA,NA,NA,NA,NA,NA,NA,49920,273250200,Factory Trawler
1159,NA,NA,NA,NA,NA,704340,NA,NA,NA,NA,NA,NA,NA,NA,704340,273250200,Factory Trawler
1160,NA,NA,NA,NA,NA,1108680,NA,NA,NA,NA,NA,NA,NA,NA,1108680,273250200,Factory Trawler
1161,NA,NA,NA,NA,NA,118320,NA,NA,NA,NA,NA,NA,NA,NA,118320,273250200,Factory Trawler
1162,NA,NA,NA,NA,NA,NA,NA,NA,NA,NA,NA,NA,NA,NA,632700,273290500,Factory Trawler
1163,NA,NA,NA,NA,NA,NA,NA,NA,NA,NA,NA,NA,NA,NA,194580,273290500,Factory Trawler
1164,NA,NA,NA,NA,NA,7560,NA,NA,NA,NA,NA,NA,NA,NA,1294440,273290500,Factory Trawler
1165,NA,NA,NA,NA,NA,65520,NA,NA,NA,NA,NA,NA,NA,NA,66060,273290500,Factory Trawler
1167,NA,NA,NA,NA,NA,77400,NA,NA,NA,NA,NA,NA,NA,NA,77400,273290500,Factory Trawler
1168,NA,NA,NA,NA,NA,79020,NA,NA,NA,NA,NA,NA,NA,NA,79020,273290500,Factory Trawler
1169,NA,NA,NA,NA,NA,68940,NA,NA,NA,NA,NA,NA,NA,NA,68940,273290500,Factory Trawler
1170,NA,NA,NA,NA,NA,8820,NA,NA,NA,NA,NA,NA,NA,NA,8820,273290500,Factory Trawler
1171,NA,NA,NA,NA,NA,91800,NA,NA,NA,NA,NA,NA,NA,NA,91800,273290500,Factory Trawler
1172,NA,NA,NA,NA,NA,7740,NA,NA,NA,NA,NA,NA,NA,NA,7740,273290500,Factory Trawler
1173,NA,NA,NA,NA,NA,NA,NA,NA,NA,NA,NA,NA,NA,NA,6900,273345950,Factory Trawler
1174,NA,NA,NA,NA,NA,NA,NA,NA,NA,NA,NA,NA,NA,NA,135300,273345950,Factory Trawler
1175,NA,NA,NA,NA,NA,NA,NA,NA,NA,NA,NA,NA,NA,NA,40380,273345950,Factory Trawler
1176,NA,NA,NA,NA,NA,NA,NA,NA,NA,152340,NA,NA,NA,NA,154920,273353290,Suction Dredger
1178,NA,NA,NA,NA,NA,NA,NA,NA,NA,NA,NA,NA,NA,NA,18e3,273522400,Factory Trawler
1179,NA,NA,NA,NA,NA,NA,NA,NA,NA,NA,NA,NA,NA,NA,86940,273522400,Factory Trawler
1180,NA,NA,NA,NA,NA,NA,NA,NA,NA,130980,NA,NA,NA,NA,144360,273522400,Factory Trawler
1181,NA,NA,NA,NA,NA,NA,NA,NA,NA,13080,NA,NA,NA,NA,14820,273523300,Factory Trawler
1182,NA,82020,NA,NA,NA,NA,NA,NA,NA,375360,NA,NA,NA,NA,462840,273524300,Factory Trawler
1183,NA,NA,NA,NA,NA,NA,NA,NA,NA,NA,NA,NA,NA,NA,324960,273527800,Factory Trawler
1184,NA,NA,NA,NA,NA,NA,NA,NA,NA,NA,NA,NA,NA,NA,118020,273527800,Factory Trawler
1185,NA,NA,NA,NA,NA,NA,NA,NA,NA,NA,NA,NA,NA,NA,23520,277329000,General Cargo
1186,NA,NA,NA,NA,NA,537960,NA,NA,NA,NA,NA,NA,NA,NA,537960,277519000,Factory Trawler
1187,NA,NA,NA,NA,NA,92340,NA,NA,NA,NA,NA,NA,NA,NA,92340,277519000,Factory Trawler
1188,NA,NA,NA,NA,NA,1483380,NA,NA,NA,NA,NA,NA,NA,NA,1486260,277519000,Factory Trawler
1189,NA,NA,NA,NA,NA,323100,NA,NA,NA,NA,NA,NA,NA,NA,323100,277519000,Factory Trawler
1190,NA,NA,NA,NA,NA,98640,NA,NA,NA,NA,NA,NA,NA,NA,98640,277519000,Factory Trawler
1191,NA,NA,NA,NA,NA,17820,NA,NA,NA,NA,NA,NA,NA,NA,17820,277519000,Factory Trawler
1193,NA,NA,NA,NA,NA,NA,NA,NA,NA,NA,NA,NA,NA,NA,22620,304183000,General Cargo
1194,NA,NA,NA,NA,NA,NA,NA,NA,25620,NA,NA,NA,NA,NA,30060,304183000,General Cargo
1195,NA,NA,20880,NA,NA,NA,NA,NA,NA,NA,NA,NA,NA,NA,21600,304517000,General Cargo
1196,NA,NA,118920,NA,NA,NA,NA,NA,NA,NA,NA,NA,NA,NA,121140,304517000,General Cargo
1197,NA,NA,68940,NA,NA,NA,NA,NA,NA,NA,NA,NA,NA,NA,71100,304517000,General Cargo
1198,NA,NA,119100,NA,NA,NA,NA,NA,NA,NA,NA,NA,NA,NA,121560,304984000,General Cargo
1199,NA,NA,NA,NA,NA,NA,NA,NA,NA,NA,NA,NA,NA,NA,18240,305204000,General Cargo
1200,NA,NA,NA,NA,NA,NA,NA,NA,NA,NA,NA,NA,NA,NA,28800,305223000,General Cargo
1201,NA,NA,NA,NA,NA,NA,20160,NA,NA,NA,NA,NA,NA,NA,24660,305251000,General Cargo
1203,NA,NA,NA,NA,NA,NA,NA,NA,NA,NA,NA,NA,NA,NA,47040,305412000,Container Ship
1204,NA,NA,NA,NA,NA,NA,NA,NA,NA,NA,NA,NA,NA,NA,35700,305412000,Container Ship
1205,NA,NA,NA,NA,NA,NA,NA,NA,NA,NA,NA,NA,NA,NA,56580,305445000,Container Ship
1206,NA,NA,NA,NA,NA,NA,NA,NA,NA,288960,NA,NA,NA,NA,293700,305592000,Multi Purpose Offshore Vessel
1207,NA,NA,NA,NA,NA,NA,NA,NA,NA,20880,NA,NA,NA,NA,22080,305592000,Multi Purpose Offshore Vessel
1212,NA,NA,NA,NA,NA,NA,NA,NA,NA,NA,39180,NA,NA,NA,44580,305915000,General Cargo
1213,NA,NA,NA,NA,NA,NA,NA,NA,NA,NA,NA,NA,NA,NA,25140,305956000,General Cargo
1214,NA,NA,NA,NA,NA,NA,NA,NA,NA,NA,NA,NA,NA,NA,204120,306704000,Heavy Load Carrier
1217,NA,NA,NA,NA,NA,NA,6660,NA,NA,NA,NA,NA,NA,NA,8640,306796000,Reefer
1218,NA,NA,NA,NA,NA,NA,116460,NA,NA,NA,NA,NA,NA,NA,122760,306796000,Reefer
1219,NA,NA,NA,NA,NA,NA,NA,NA,NA,NA,NA,NA,NA,NA,5880,306872000,Reefer
1220,NA,NA,NA,NA,NA,NA,NA,NA,NA,NA,NA,NA,NA,NA,14280,306872000,Reefer
1221,NA,NA,NA,NA,NA,NA,NA,NA,NA,260640,NA,NA,NA,NA,263700,308014000,Research/Survey Vessel
1222,NA,NA,NA,NA,NA,NA,NA,NA,NA,NA,NA,NA,NA,NA,19080,308287000,Bulk Carrier
1223,NA,NA,NA,NA,NA,632580,NA,NA,NA,NA,NA,NA,NA,NA,632580,309361000,Reefer
1224,NA,NA,NA,NA,NA,1036560,NA,NA,NA,NA,NA,NA,NA,NA,1036560,309361000,Reefer
1225,NA,NA,NA,NA,NA,779820,NA,NA,NA,NA,NA,NA,NA,NA,779820,309361000,Reefer
1226,NA,NA,NA,NA,NA,118020,NA,NA,NA,NA,NA,NA,NA,NA,118020,309361000,Reefer
1229,NA,NA,NA,NA,NA,NA,NA,NA,NA,NA,NA,NA,NA,NA,6600,310529000,Passenger
1236,NA,NA,NA,NA,NA,NA,NA,NA,NA,NA,NA,NA,NA,NA,4020,310529000,Passenger
1237,NA,NA,NA,NA,NA,NA,NA,NA,NA,NA,NA,NA,NA,NA,58200,310531000,Passenger
1246,NA,NA,NA,NA,NA,NA,NA,NA,NA,NA,NA,NA,NA,NA,23820,311009600,Reefer
1247,NA,NA,NA,NA,NA,NA,NA,NA,NA,NA,NA,NA,NA,NA,20760,311012500,Research/Survey Vessel
1249,NA,119820,NA,NA,NA,NA,NA,NA,NA,NA,NA,NA,NA,NA,204180,311042400,Reefer
1250,NA,NA,NA,NA,NA,NA,NA,NA,NA,NA,NA,NA,NA,NA,10080,311052800,Research/Survey Vessel
1261,NA,NA,NA,NA,NA,NA,NA,NA,NA,NA,NA,NA,NA,NA,13680,311665000,Reefer
1263,NA,NA,NA,NA,NA,NA,NA,NA,NA,597720,NA,NA,NA,NA,600360,312036000,Multi Purpose Offshore Vessel
1264,NA,NA,NA,93960,NA,NA,NA,NA,NA,863280,NA,NA,NA,NA,1817400,312036000,Multi Purpose Offshore Vessel
1265,NA,NA,NA,NA,NA,NA,NA,NA,NA,NA,NA,NA,NA,NA,118620,312036000,Multi Purpose Offshore Vessel
1266,NA,NA,NA,NA,NA,NA,NA,NA,NA,146760,NA,NA,NA,NA,147840,312448000,General Cargo
1267,NA,NA,NA,NA,NA,NA,NA,NA,NA,451140,NA,NA,NA,NA,453600,312448000,General Cargo
1268,NA,NA,NA,NA,NA,NA,NA,NA,NA,269160,NA,NA,NA,NA,269160,312534000,Reefer
1269,NA,NA,NA,NA,NA,NA,NA,NA,NA,63240,NA,NA,NA,NA,63240,312534000,Reefer
1270,NA,NA,NA,NA,NA,NA,NA,NA,NA,295920,NA,NA,NA,NA,295920,312534000,Reefer
1271,NA,NA,NA,NA,NA,NA,NA,NA,NA,125700,NA,NA,NA,NA,125700,312534000,Reefer
1272,NA,NA,NA,NA,NA,NA,NA,NA,NA,24840,NA,NA,NA,NA,27240,312534000,Reefer
1273,NA,NA,NA,NA,862740,NA,NA,NA,NA,NA,NA,NA,NA,NA,862740,312867000,Fishing Vessel
1274,NA,NA,NA,NA,96660,NA,NA,NA,NA,NA,NA,NA,NA,NA,96660,312867000,Fishing Vessel
1275,NA,NA,NA,NA,17820,NA,NA,NA,NA,NA,NA,NA,NA,NA,17820,312867000,Fishing Vessel
1276,NA,NA,NA,NA,NA,NA,NA,NA,NA,NA,NA,NA,300,NA,1200,316014142,Pleasure Craft
1277,NA,NA,NA,NA,NA,NA,NA,NA,NA,NA,NA,NA,18e3,NA,18e3,316014142,Pleasure Craft
1280,NA,NA,NA,NA,NA,NA,NA,NA,NA,NA,NA,NA,NA,NA,71280,319538000,Bulk Carrier
1281,NA,NA,NA,NA,NA,NA,NA,NA,NA,NA,9180,NA,NA,NA,12180,338108461,Pleasure Craft
1282,NA,NA,NA,NA,NA,NA,NA,NA,NA,NA,12300,NA,NA,NA,17700,338108461,Pleasure Craft
1283,NA,41100,NA,NA,NA,NA,NA,NA,NA,NA,NA,NA,NA,NA,43920,341591000,Trawler
1284,NA,NA,NA,NA,NA,NA,NA,16860,NA,NA,NA,NA,NA,NA,20340,341891000,Reefer
1285,NA,NA,NA,NA,NA,NA,NA,NA,NA,NA,NA,156180,NA,NA,157920,351238000,Reefer
1286,NA,NA,NA,NA,NA,NA,NA,NA,NA,NA,NA,1818180,NA,NA,1818180,351238000,Reefer
1287,NA,NA,NA,NA,NA,NA,NA,NA,NA,NA,NA,97680,NA,NA,97680,351238000,Reefer
1289,NA,NA,NA,NA,NA,NA,NA,NA,NA,NA,NA,10440,NA,NA,10440,351238000,Reefer
1290,NA,NA,60540,NA,NA,NA,NA,NA,NA,NA,NA,NA,NA,NA,62580,351268000,Container Ship
1292,NA,NA,27180,NA,NA,NA,NA,NA,NA,NA,NA,NA,NA,NA,29460,351607000,Container Ship
1293,NA,NA,25920,NA,NA,NA,NA,NA,NA,NA,NA,NA,NA,NA,28140,351737000,Container Ship
1294,NA,NA,55260,NA,NA,NA,NA,NA,NA,NA,NA,NA,NA,NA,56100,351737000,Container Ship
1295,NA,NA,88920,NA,NA,NA,NA,NA,NA,NA,NA,NA,NA,NA,90360,351819000,Container Ship
1296,NA,NA,NA,NA,NA,NA,NA,NA,NA,NA,NA,NA,NA,NA,180,351998000,General Cargo
1297,NA,NA,NA,NA,NA,NA,NA,NA,NA,NA,NA,NA,NA,NA,632100,352491000,Tanker
1298,NA,NA,NA,NA,NA,NA,NA,NA,NA,NA,NA,NA,NA,NA,1817400,352491000,Tanker
1299,NA,NA,NA,NA,NA,NA,NA,NA,NA,NA,NA,NA,NA,NA,118680,352491000,Tanker
1300,NA,NA,NA,NA,37680,NA,NA,NA,NA,NA,NA,NA,NA,NA,100020,352515000,Reefer
1301,NA,NA,78120,NA,NA,NA,NA,NA,NA,NA,NA,NA,NA,NA,80580,352619000,Container Ship
1303,NA,NA,46200,NA,NA,NA,NA,NA,NA,NA,NA,NA,NA,NA,49680,352649000,Container Ship
1304,NA,NA,76440,NA,NA,NA,NA,NA,NA,NA,NA,NA,NA,NA,79080,352649000,Container Ship
1305,NA,NA,NA,NA,NA,NA,NA,NA,NA,NA,NA,NA,NA,NA,16200,352760000,Bulk Carrier
1306,NA,NA,NA,NA,NA,NA,NA,NA,100020,134880,NA,NA,NA,NA,256080,352896000,Tug
1307,NA,NA,NA,NA,NA,NA,NA,NA,NA,NA,NA,NA,NA,NA,720,352896000,Tug
1308,NA,17340,NA,NA,NA,NA,NA,NA,NA,NA,16260,NA,NA,NA,1288140,352896000,Tug
1309,NA,NA,NA,NA,NA,NA,NA,NA,NA,NA,NA,NA,NA,NA,98700,352896000,Tug
1310,NA,NA,NA,NA,NA,NA,NA,NA,NA,NA,NA,NA,NA,NA,10140,352896000,Tug
1311,NA,NA,NA,NA,NA,68820,NA,NA,NA,NA,NA,NA,NA,NA,71100,352913000,General Cargo
1313,NA,NA,52500,NA,NA,NA,NA,NA,NA,NA,NA,NA,NA,NA,55320,353082000,Container Ship
1315,NA,NA,NA,NA,10080,NA,NA,NA,NA,NA,NA,NA,NA,NA,10080,353444000,Tug
1318,NA,NA,NA,NA,27e3,NA,NA,NA,NA,NA,NA,NA,NA,NA,27e3,353444000,Tug
1319,NA,NA,NA,NA,1035660,NA,NA,NA,NA,NA,NA,NA,NA,NA,1035660,353444000,Tug
1320,NA,NA,NA,NA,119160,NA,NA,NA,NA,NA,NA,NA,NA,NA,119160,353444000,Tug
1321,NA,NA,63840,NA,NA,NA,NA,NA,NA,NA,NA,NA,NA,NA,66960,353775000,Container Ship
1322,NA,NA,58500,NA,NA,NA,NA,NA,NA,NA,NA,NA,NA,NA,61380,353775000,Container Ship
1323,NA,NA,NA,NA,NA,NA,NA,NA,27840,NA,NA,NA,NA,NA,38100,354036000,Reefer
1324,NA,NA,2580,NA,NA,NA,NA,NA,NA,NA,NA,NA,NA,NA,3960,354537000,Container Ship
1325,NA,NA,39900,NA,NA,NA,NA,NA,NA,NA,NA,NA,NA,NA,41820,354537000,Container Ship
1326,NA,NA,NA,NA,NA,NA,NA,NA,NA,NA,NA,NA,NA,NA,24060,354594000,General Cargo
1327,NA,NA,NA,70920,NA,NA,NA,NA,NA,NA,NA,NA,NA,NA,73560,354767000,Passenger
1328,NA,NA,83160,NA,NA,NA,NA,NA,NA,NA,NA,NA,NA,NA,86940,355194000,Container Ship
1329,NA,NA,73740,NA,NA,NA,NA,NA,NA,NA,NA,NA,NA,NA,76140,355249000,Container Ship
1330,NA,NA,71580,NA,NA,NA,NA,NA,NA,NA,NA,NA,NA,NA,74340,355289000,Container Ship
1331,NA,NA,NA,NA,NA,NA,NA,NA,NA,NA,NA,NA,NA,NA,240,355422000,Pipe Layer
1332,NA,NA,NA,NA,NA,NA,NA,NA,NA,NA,NA,NA,NA,NA,25980,355422000,Pipe Layer
1333,NA,NA,NA,NA,NA,NA,NA,NA,NA,145080,NA,NA,NA,NA,146820,355645000,Offshore Supply Ship
1334,NA,NA,NA,51960,NA,NA,NA,NA,NA,NA,NA,NA,NA,NA,54300,355645000,Offshore Supply Ship
1335,NA,NA,NA,NA,NA,NA,NA,NA,NA,NA,NA,NA,NA,NA,41040,355661000,Bulk Carrier
1336,NA,NA,NA,NA,NA,NA,NA,NA,NA,NA,NA,NA,NA,NA,13200,355768000,Passenger
1337,NA,NA,NA,NA,NA,52380,NA,NA,NA,NA,NA,NA,NA,NA,54060,356032000,General Cargo
1338,NA,NA,NA,NA,NA,13320,NA,NA,NA,NA,NA,NA,NA,NA,13320,356032000,General Cargo
1339,NA,NA,87900,NA,NA,NA,NA,NA,NA,NA,NA,NA,NA,NA,90660,356101000,Container Ship
1340,NA,NA,29040,NA,NA,NA,NA,NA,NA,NA,NA,NA,NA,NA,32100,356101000,Container Ship
1343,NA,NA,NA,NA,NA,NA,NA,NA,NA,NA,NA,NA,NA,NA,22500,357330000,Bulk Carrier
1344,NA,NA,NA,NA,NA,NA,NA,NA,NA,NA,NA,NA,NA,NA,180,357577000,Bulk Carrier
1346,120,147180,120,NA,NA,NA,NA,NA,NA,NA,NA,NA,NA,NA,152520,367449000,Cargo/Containership
1347,NA,NA,NA,NA,NA,NA,NA,NA,NA,NA,NA,NA,1260,NA,2640,367617440,Pleasure Craft
1349,NA,NA,NA,NA,NA,NA,NA,NA,NA,NA,NA,NA,11460,NA,11460,367617440,Pleasure Craft
1351,NA,NA,NA,NA,NA,NA,NA,NA,NA,NA,NA,NA,6840,NA,10140,367617440,Pleasure Craft
1352,NA,NA,NA,NA,NA,NA,NA,NA,NA,NA,NA,NA,600,NA,1680,367617440,Pleasure Craft
1354,NA,NA,NA,NA,NA,NA,NA,NA,NA,NA,NA,NA,NA,NA,35640,370103000,Tug
1358,NA,NA,NA,NA,NA,NA,NA,NA,NA,NA,NA,NA,NA,NA,1440,370367000,Bulk Carrier
1359,NA,NA,NA,NA,NA,NA,NA,NA,NA,NA,NA,NA,NA,NA,23760,370387000,General Cargo
1360,NA,NA,NA,NA,NA,NA,NA,NA,NA,820500,NA,NA,NA,NA,824580,370545000,General Cargo
1361,NA,NA,72180,NA,NA,NA,NA,NA,NA,NA,NA,NA,NA,NA,75480,371059000,Container Ship
1362,NA,NA,NA,NA,NA,94860,NA,NA,NA,NA,NA,NA,NA,NA,96840,371215000,Container Ship
1363,NA,NA,NA,NA,NA,156e3,NA,NA,NA,NA,NA,NA,NA,NA,158220,371215000,Container Ship
1364,NA,NA,NA,NA,NA,104640,NA,NA,NA,NA,NA,NA,NA,NA,107460,371215000,Container Ship
1365,NA,NA,110640,NA,NA,NA,NA,NA,NA,NA,NA,NA,NA,NA,114300,371245000,Container Ship
1366,NA,NA,NA,NA,NA,NA,NA,NA,NA,843120,11520,NA,NA,NA,868500,371322000,Reefer
1367,NA,NA,NA,NA,NA,NA,NA,NA,NA,NA,98280,NA,NA,NA,100260,371322000,Reefer
1368,NA,NA,92160,NA,NA,NA,NA,NA,NA,NA,NA,NA,NA,NA,95400,371443000,Container Ship
1372,NA,NA,77820,NA,NA,NA,NA,NA,NA,NA,NA,NA,NA,NA,80580,371602000,Container Ship
1373,NA,NA,94860,NA,NA,NA,NA,NA,NA,NA,NA,NA,NA,NA,97680,371602000,Container Ship
1375,NA,NA,116400,NA,NA,NA,NA,NA,NA,NA,NA,NA,NA,NA,118800,372045000,Container Ship
1377,NA,NA,NA,NA,NA,NA,NA,NA,NA,NA,NA,NA,NA,NA,240,372609000,Bulk Carrier
1378,NA,NA,NA,NA,NA,NA,NA,NA,NA,NA,NA,NA,NA,NA,632340,372653000,Tanker
1379,NA,NA,NA,NA,NA,NA,NA,NA,NA,NA,NA,NA,NA,NA,168780,372653000,Tanker
1383,NA,NA,NA,NA,NA,NA,NA,NA,NA,NA,NA,NA,NA,NA,632100,373289000,Drill Ship
1384,NA,NA,NA,NA,NA,NA,NA,NA,NA,NA,NA,NA,NA,NA,1818060,373289000,Drill Ship
1385,NA,NA,NA,NA,NA,NA,NA,NA,NA,NA,NA,NA,NA,NA,118980,373289000,Drill Ship
1386,NA,NA,NA,NA,NA,NA,NA,NA,NA,NA,NA,NA,NA,NA,15060,373471000,General Cargo
1387,NA,NA,NA,NA,NA,NA,NA,NA,NA,NA,NA,NA,NA,NA,10080,373471000,General Cargo
1389,NA,NA,NA,NA,NA,NA,NA,NA,NA,NA,NA,NA,NA,NA,13500,373639000,General Cargo
1393,NA,NA,NA,NA,7500,328140,NA,NA,NA,NA,NA,NA,NA,NA,358080,412110221,Fishing Vessel
1394,NA,NA,NA,NA,NA,NA,NA,NA,NA,153180,NA,NA,NA,NA,188280,412110221,Fishing Vessel
1395,NA,NA,NA,NA,NA,113040,NA,NA,NA,NA,NA,NA,NA,NA,114120,412110254,Pleasure Craft
1396,NA,NA,NA,NA,NA,NA,NA,NA,NA,203460,NA,NA,NA,NA,207e3,412110254,Pleasure Craft
1397,NA,NA,NA,NA,NA,48420,NA,NA,NA,NA,NA,NA,NA,NA,49740,412110427,Fishing Vessel
1398,NA,NA,NA,NA,NA,228960,NA,NA,NA,NA,NA,NA,NA,NA,228960,412110427,Fishing Vessel
1399,NA,NA,NA,NA,NA,210240,NA,NA,NA,NA,NA,NA,NA,NA,210240,412110427,Fishing Vessel
1400,NA,NA,NA,NA,2340,20520,NA,NA,NA,NA,NA,NA,NA,NA,26820,412110427,Fishing Vessel
1401,NA,NA,NA,NA,NA,NA,NA,NA,NA,NA,NA,NA,NA,NA,767400,412110427,Fishing Vessel
1402,NA,NA,NA,NA,NA,NA,NA,NA,NA,NA,NA,NA,NA,NA,25860,412110427,Fishing Vessel
1404,NA,NA,NA,NA,NA,NA,NA,NA,NA,NA,NA,NA,NA,NA,19080,412110427,Fishing Vessel
1405,NA,NA,NA,NA,NA,NA,NA,NA,NA,NA,NA,NA,NA,NA,13680,412110427,Fishing Vessel
1406,NA,NA,NA,NA,NA,NA,NA,NA,NA,NA,NA,NA,NA,NA,15480,412110427,Fishing Vessel
1407,NA,NA,NA,NA,NA,NA,NA,NA,NA,NA,NA,NA,NA,NA,8040,412110427,Fishing Vessel
1408,NA,NA,NA,NA,NA,345720,NA,NA,NA,NA,NA,NA,NA,NA,349020,412110429,Fishing Vessel
1409,NA,NA,NA,NA,420,NA,NA,NA,NA,NA,NA,NA,NA,NA,213e3,412110429,Fishing Vessel
1410,NA,NA,NA,NA,1680,329880,NA,NA,NA,NA,NA,NA,NA,NA,337920,412110441,Fishing Vessel
1411,NA,NA,NA,NA,240,NA,7740,NA,NA,NA,NA,NA,NA,NA,10500,412110441,Fishing Vessel
1412,NA,NA,NA,NA,NA,NA,NA,NA,NA,NA,NA,NA,NA,NA,2340,412110441,Fishing Vessel
1413,NA,NA,NA,NA,NA,NA,NA,NA,NA,NA,NA,NA,NA,NA,603780,412280992,Fishing Vessel
1414,NA,NA,NA,NA,NA,NA,NA,NA,NA,NA,NA,NA,NA,NA,972060,412280992,Fishing Vessel
1415,NA,NA,NA,NA,NA,NA,NA,NA,NA,NA,NA,NA,NA,NA,316320,412280992,Fishing Vessel
1416,NA,NA,NA,NA,NA,NA,NA,NA,NA,NA,NA,NA,NA,NA,631620,412280993,Fishing Vessel
1417,NA,NA,NA,NA,NA,NA,NA,NA,NA,NA,44520,NA,NA,NA,45840,412660220,Tanker
1418,NA,NA,NA,NA,NA,NA,NA,NA,NA,NA,103620,NA,NA,NA,107100,412660220,Tanker
1419,NA,NA,NA,NA,NA,NA,NA,NA,NA,118740,NA,NA,NA,NA,121080,431038000,Fishing Vessel
1420,NA,NA,NA,NA,NA,NA,NA,NA,NA,164940,NA,NA,NA,NA,165780,431500470,Fishing Vessel
1421,NA,NA,NA,NA,NA,NA,NA,NA,NA,111780,NA,138720,NA,NA,253740,431700260,Fishing Vessel
1422,NA,NA,NA,NA,NA,NA,NA,NA,NA,NA,NA,12600,NA,NA,12600,431701650,Fishing Vessel
1423,NA,NA,NA,NA,NA,NA,NA,NA,NA,NA,NA,12780,NA,NA,12780,431701650,Fishing Vessel
1426,NA,NA,NA,NA,NA,NA,NA,NA,NA,NA,NA,7920,NA,NA,7920,431701650,Fishing Vessel
1427,NA,NA,NA,NA,NA,NA,NA,NA,NA,NA,NA,19080,NA,NA,19080,431813000,Fishing Vessel
1428,NA,NA,NA,NA,NA,NA,NA,NA,NA,NA,NA,11700,NA,NA,11700,431813000,Fishing Vessel
1430,NA,NA,NA,NA,NA,NA,NA,NA,NA,357900,NA,66480,NA,NA,430620,431813000,Fishing Vessel
1431,NA,NA,NA,NA,NA,NA,NA,NA,NA,NA,NA,9540,NA,NA,9540,431927000,Fishing Vessel
1433,NA,NA,NA,NA,NA,NA,NA,NA,NA,NA,NA,11880,NA,NA,11880,431927000,Fishing Vessel
1436,NA,NA,NA,NA,177420,NA,NA,NA,NA,NA,NA,188340,NA,NA,370680,432991000,Fishing Vessel
1438,NA,NA,NA,NA,5520,NA,NA,NA,NA,132060,NA,NA,NA,NA,631080,440747000,Trawler
1439,NA,NA,NA,NA,NA,NA,NA,NA,NA,NA,NA,NA,NA,NA,510720,440747000,Trawler
1440,NA,NA,NA,NA,660,NA,NA,NA,NA,NA,NA,NA,NA,NA,550020,440747000,Trawler
1441,NA,NA,NA,NA,NA,NA,NA,NA,NA,NA,NA,NA,NA,NA,13740,440747000,Trawler
1442,NA,NA,NA,NA,NA,NA,NA,NA,NA,NA,NA,NA,NA,NA,24900,440747000,Trawler
1446,NA,NA,NA,NA,NA,NA,NA,NA,NA,NA,NA,NA,NA,NA,23580,477056800,General Cargo
1448,NA,NA,NA,NA,NA,NA,NA,NA,NA,NA,NA,NA,NA,NA,7200,477098800,Bulk Carrier
1449,NA,NA,NA,NA,NA,NA,NA,NA,NA,NA,NA,NA,NA,NA,57180,477167200,General Cargo
1450,NA,NA,NA,NA,NA,NA,NA,NA,NA,NA,NA,NA,NA,NA,158400,477220500,Container Ship
1451,NA,NA,NA,NA,NA,NA,NA,NA,NA,NA,NA,NA,NA,NA,17040,477319400,Cargo/Containership
1453,NA,NA,NA,NA,NA,NA,NA,NA,NA,NA,NA,NA,NA,NA,23940,477462500,Bulk Carrier
1454,NA,NA,81060,NA,NA,NA,NA,NA,NA,NA,NA,NA,NA,NA,83460,477519400,Container Ship
1455,NA,NA,70740,NA,NA,NA,NA,NA,NA,NA,NA,NA,NA,NA,73320,477519400,Container Ship
1456,NA,NA,NA,NA,NA,NA,NA,NA,NA,NA,NA,NA,NA,NA,960,477559800,Bulk Carrier
1457,NA,NA,NA,NA,NA,NA,NA,NA,NA,NA,NA,NA,NA,NA,30900,477777000,Bulk Carrier
1459,NA,NA,NA,NA,NA,NA,NA,NA,NA,NA,NA,NA,NA,NA,50760,477892200,Bulk Carrier
1460,NA,NA,NA,30900,NA,NA,NA,NA,NA,NA,NA,NA,NA,NA,33840,477902400,General Cargo
1461,NA,NA,NA,NA,NA,NA,NA,NA,NA,NA,NA,NA,NA,NA,37380,477960900,Bulk Carrier
1462,NA,NA,NA,NA,NA,NA,NA,NA,NA,NA,NA,NA,46800,NA,46800,518565000,Pleasure Craft
1463,NA,NA,NA,NA,NA,NA,NA,NA,NA,NA,NA,NA,50040,NA,50040,518565000,Pleasure Craft
1464,NA,NA,NA,NA,NA,NA,NA,NA,NA,NA,NA,NA,57780,NA,57780,518565000,Pleasure Craft
1465,NA,NA,NA,NA,NA,NA,NA,NA,NA,NA,NA,NA,30960,NA,30960,518565000,Pleasure Craft
1466,NA,NA,NA,NA,NA,NA,NA,NA,NA,NA,NA,NA,46080,NA,46080,518565000,Pleasure Craft
1469,NA,NA,NA,NA,NA,NA,NA,NA,NA,NA,NA,NA,9e3,NA,9e3,518565000,Pleasure Craft
1471,NA,NA,NA,NA,NA,NA,NA,NA,NA,NA,NA,NA,14760,NA,14760,518565000,Pleasure Craft
1473,NA,NA,NA,NA,NA,NA,NA,NA,NA,NA,NA,NA,24780,NA,24780,518565000,Pleasure Craft
1476,NA,NA,NA,NA,NA,NA,NA,NA,NA,NA,NA,NA,88800,NA,88800,518565000,Pleasure Craft
1477,NA,NA,NA,NA,NA,NA,NA,NA,NA,NA,NA,NA,9e3,NA,9e3,518565000,Pleasure Craft
1479,NA,NA,NA,NA,NA,NA,NA,NA,NA,NA,NA,NA,16560,NA,16560,518565000,Pleasure Craft
1480,NA,NA,NA,NA,NA,NA,NA,NA,NA,NA,NA,NA,19080,NA,19080,518565000,Pleasure Craft
1481,NA,NA,NA,NA,NA,NA,NA,NA,NA,NA,NA,NA,38880,NA,38880,518565000,Pleasure Craft
1482,NA,NA,NA,NA,NA,NA,NA,NA,NA,NA,NA,NA,111060,NA,111060,518565000,Pleasure Craft
1488,NA,NA,NA,NA,NA,NA,NA,NA,NA,NA,NA,NA,100380,NA,100380,518565000,Pleasure Craft
1489,NA,NA,NA,NA,NA,NA,NA,NA,NA,NA,NA,NA,44220,NA,44220,518565000,Pleasure Craft
1490,NA,NA,NA,NA,NA,NA,NA,NA,NA,NA,NA,NA,11160,NA,11760,518565000,Pleasure Craft
1491,NA,NA,NA,NA,NA,NA,NA,NA,NA,NA,NA,NA,NA,NA,1636140,518579000,Standby Safety Vessel
1492,NA,NA,NA,NA,NA,NA,NA,NA,NA,NA,NA,NA,NA,NA,118260,518579000,Standby Safety Vessel
1493,NA,NA,NA,NA,NA,NA,NA,NA,NA,NA,NA,NA,NA,NA,14100,538001750,Platform
1494,NA,NA,NA,NA,NA,NA,NA,NA,NA,NA,NA,NA,NA,NA,3540,538002237,Bulk Carrier
1495,NA,NA,NA,NA,NA,NA,NA,NA,NA,NA,NA,NA,NA,NA,24660,538003424,General Cargo
1500,NA,NA,NA,NA,NA,NA,NA,NA,186120,NA,NA,NA,NA,NA,191340,538004308,Tanker
1501,NA,NA,NA,NA,NA,NA,NA,NA,NA,NA,NA,NA,NA,NA,27300,538004345,Bulk Carrier
1502,NA,NA,NA,NA,NA,NA,NA,NA,NA,NA,NA,NA,NA,NA,42120,538004355,Bulk Carrier
1505,NA,NA,NA,NA,NA,NA,NA,NA,NA,NA,NA,NA,NA,NA,9360,538004585,Bulk Carrier
1506,NA,NA,NA,NA,NA,NA,NA,NA,NA,NA,NA,NA,NA,NA,660,538004767,Bulk Carrier
1513,NA,NA,NA,NA,NA,NA,NA,NA,NA,NA,NA,NA,NA,NA,100920,564081000,Tanker
1514,NA,NA,NA,NA,NA,NA,NA,NA,NA,NA,NA,NA,NA,NA,27900,564163000,Bulk Carrier
1517,NA,NA,NA,NA,NA,NA,NA,NA,NA,NA,NA,NA,NA,NA,59880,565592000,Tanker
1519,NA,NA,NA,NA,NA,NA,NA,NA,NA,268440,NA,NA,NA,NA,283740,566347000,Offshore Supply Ship
1521,NA,NA,NA,NA,NA,NA,NA,NA,NA,NA,NA,NA,NA,NA,27480,567038000,Unspecified
1522,NA,NA,NA,NA,NA,NA,NA,NA,NA,NA,NA,NA,NA,NA,57060,567312000,Bulk Carrier
1523,NA,NA,NA,NA,NA,NA,NA,NA,NA,NA,14220,22560,NA,NA,43680,576441000,Tug
1524,NA,NA,NA,21900,NA,NA,NA,NA,NA,NA,NA,NA,NA,NA,102360,577129000,Offshore Supply Ship
1525,240,58860,NA,NA,NA,NA,NA,NA,NA,NA,NA,NA,NA,NA,63360,577129000,Offshore Supply Ship
1526,NA,138120,NA,NA,NA,NA,NA,NA,NA,14580,NA,NA,NA,NA,499740,577129000,Offshore Supply Ship
1527,NA,NA,NA,NA,NA,NA,NA,NA,NA,1740,NA,NA,NA,NA,3420,616885000,Reefer
1529,NA,NA,NA,NA,NA,NA,NA,NA,NA,NA,NA,NA,NA,NA,432960,616999079,Tug
1532,NA,NA,NA,NA,NA,NA,NA,NA,NA,NA,NA,NA,NA,NA,53100,636011195,Platform
1533,NA,NA,NA,NA,NA,NA,NA,NA,NA,NA,NA,NA,NA,NA,53460,636011195,Platform
1534,NA,NA,NA,NA,NA,NA,NA,NA,NA,NA,NA,NA,NA,NA,63660,636011195,Platform
1535,NA,NA,NA,NA,NA,NA,NA,NA,NA,NA,NA,NA,NA,NA,1560,636011537,Bulk Carrier
1537,NA,NA,NA,NA,NA,NA,NA,NA,NA,NA,NA,NA,NA,NA,1980,636013308,Tanker
1538,NA,NA,NA,NA,NA,NA,NA,NA,NA,NA,NA,NA,NA,NA,5220,636013411,Tanker
1543,NA,NA,NA,NA,NA,NA,NA,NA,NA,NA,NA,NA,NA,NA,20640,636014597,Reefer
1544,NA,NA,88980,NA,NA,NA,NA,NA,NA,NA,NA,NA,NA,NA,9e4,636014613,Container Ship
1545,NA,NA,11760,NA,NA,NA,NA,NA,NA,NA,NA,NA,NA,NA,11760,636014613,Container Ship
1551,NA,NA,NA,NA,NA,NA,NA,NA,NA,NA,NA,NA,NA,NA,1800,636015400,Tanker
1552,NA,NA,NA,NA,192960,NA,NA,NA,NA,NA,NA,NA,NA,NA,192960,636015400,Tanker
1553,NA,NA,NA,NA,77700,NA,NA,NA,NA,NA,NA,NA,NA,NA,82080,636015400,Tanker
1555,NA,NA,NA,NA,NA,NA,NA,NA,31680,NA,NA,NA,NA,NA,34080,636015519,Tanker
1556,NA,NA,NA,NA,NA,NA,NA,NA,NA,NA,NA,NA,NA,NA,67080,636015530,General Cargo
1558,NA,NA,56940,NA,NA,NA,NA,NA,NA,NA,NA,NA,NA,NA,60060,636015666,Container Ship
1559,NA,NA,NA,NA,NA,NA,NA,NA,NA,NA,NA,NA,NA,NA,34200,636015751,Bulk Carrier
1560,NA,NA,NA,NA,NA,NA,NA,NA,NA,NA,NA,NA,NA,NA,23760,636015875,Tanker
1561,NA,NA,153960,NA,NA,NA,NA,NA,NA,NA,NA,NA,NA,NA,156720,636016014,Container Ship
1562,NA,NA,NA,NA,NA,NA,NA,NA,NA,NA,NA,NA,NA,NA,32400,636016043,Bulk Carrier
1565,NA,NA,183240,NA,NA,NA,NA,NA,NA,NA,NA,NA,NA,NA,186240,636016457,Container Ship
1566,NA,NA,76980,NA,NA,NA,NA,NA,NA,NA,NA,NA,NA,NA,78300,636090524,Container Ship
1567,NA,NA,16020,NA,NA,NA,NA,NA,NA,NA,NA,NA,NA,NA,17400,636090524,Container Ship
1569,NA,NA,119760,NA,NA,NA,NA,NA,NA,NA,NA,NA,NA,NA,122700,636091187,Container Ship
1570,NA,NA,94620,NA,NA,NA,NA,NA,NA,NA,NA,NA,NA,NA,97620,636091187,Container Ship
1571,NA,NA,NA,NA,NA,NA,NA,NA,NA,NA,NA,NA,NA,NA,21e3,636092084,Bulk Carrier
1572,NA,11940,NA,NA,NA,NA,NA,NA,NA,NA,NA,NA,NA,NA,14580,636092141,Tanker
1574,NA,NA,NA,1860,NA,NA,NA,NA,NA,NA,NA,NA,NA,NA,3900,636092242,General Cargo
1575,NA,NA,NA,74520,NA,NA,NA,NA,NA,NA,NA,NA,NA,NA,76500,636092242,General Cargo
1577,NA,NA,NA,16740,NA,NA,NA,NA,NA,NA,NA,NA,NA,NA,18120,636092314,General Cargo
1578,NA,NA,NA,5460,NA,NA,NA,NA,NA,NA,NA,NA,NA,NA,6600,636092314,General Cargo
1579,NA,NA,NA,NA,NA,NA,NA,NA,NA,NA,NA,631320,NA,NA,631320,654045800,Fishing Vessel
1580,NA,NA,NA,NA,NA,NA,NA,NA,NA,NA,NA,892560,NA,NA,892560,654045800,Fishing Vessel
1581,NA,NA,NA,NA,NA,NA,NA,NA,NA,NA,NA,240660,NA,NA,240660,654045800,Fishing Vessel
1582,NA,NA,NA,NA,NA,NA,NA,NA,NA,NA,NA,57540,NA,NA,57540,654045800,Fishing Vessel
1583,NA,NA,NA,NA,NA,NA,NA,NA,NA,NA,NA,65280,NA,NA,65280,654045800,Fishing Vessel
1584,NA,NA,NA,NA,NA,NA,NA,NA,NA,NA,NA,232800,NA,NA,232800,654045800,Fishing Vessel
1586,NA,NA,NA,NA,NA,NA,NA,NA,NA,NA,NA,144060,NA,NA,144060,654045800,Fishing Vessel
1587,NA,NA,NA,NA,NA,NA,NA,NA,NA,NA,NA,28020,NA,NA,28020,654045800,Fishing Vessel
1588,NA,NA,NA,NA,NA,NA,NA,NA,NA,NA,NA,103020,NA,NA,103020,654045800,Fishing Vessel
1589,NA,NA,NA,NA,NA,45840,NA,NA,NA,NA,NA,NA,NA,NA,48720,667997000,General Cargo
1590,NA,NA,NA,NA,NA,86700,NA,NA,NA,NA,NA,NA,NA,NA,88620,667997000,General Cargo
1591,NA,NA,NA,NA,NA,59700,NA,NA,NA,NA,NA,NA,NA,NA,62280,667997000,General Cargo
1592,NA,NA,NA,NA,NA,52500,NA,NA,NA,NA,NA,NA,NA,NA,54660,667997000,General Cargo
1595,NA,NA,NA,NA,NA,88140,NA,NA,NA,NA,NA,NA,NA,NA,90480,667997000,General Cargo
1596,NA,NA,NA,NA,NA,NA,NA,NA,NA,NA,NA,NA,NA,NA,428460,704643314,Pilot Vessel
1597,NA,420,1140,NA,NA,NA,NA,NA,120,NA,NA,NA,780,NA,157920,704643314,Pilot Vessel
1598,2640,NA,14160,3840,3660,120,NA,NA,NA,NA,360,120,9060,NA,1517820,704643314,Pilot Vessel
1599,660,NA,NA,1260,NA,NA,NA,NA,NA,NA,NA,NA,780,NA,188700,704643314,Pilot Vessel
1600,NA,NA,NA,NA,NA,NA,NA,NA,NA,NA,NA,NA,NA,NA,119220,704643314,Pilot Vessel
