"TRIP_ID","area_1","area_2","area_3","area_4","area_5","area_6","area_7","area_8","area_9","area_10","area_11","area_12","area_13","area_14","area_15"
10,NA,NA,NA,NA,NA,NA,NA,NA,NA,NA,NA,NA,69600,NA,72120
13,NA,NA,NA,NA,NA,NA,NA,NA,NA,NA,NA,NA,24120,NA,24120
14,NA,NA,NA,NA,NA,NA,NA,NA,NA,NA,NA,NA,58680,NA,58680
15,NA,NA,NA,NA,NA,NA,NA,NA,NA,NA,NA,NA,15120,NA,15120
16,NA,NA,NA,NA,NA,NA,NA,NA,NA,NA,NA,NA,12600,NA,12600
18,NA,NA,NA,NA,NA,NA,NA,NA,NA,NA,NA,NA,47220,NA,48780
19,NA,NA,NA,NA,NA,NA,NA,NA,NA,NA,NA,NA,55740,NA,58080
20,NA,NA,NA,NA,NA,NA,NA,NA,NA,NA,NA,NA,173400,NA,176400
23,NA,NA,NA,NA,NA,NA,NA,NA,NA,NA,NA,NA,16560,NA,16560
24,NA,NA,NA,NA,NA,NA,NA,NA,NA,NA,NA,NA,17640,NA,17640
26,NA,19080,NA,NA,NA,NA,NA,NA,NA,NA,NA,NA,73620,NA,194640
27,NA,NA,NA,NA,NA,NA,NA,NA,NA,NA,NA,NA,NA,NA,148620
28,NA,NA,NA,NA,NA,NA,NA,NA,NA,NA,NA,NA,NA,NA,80700
29,NA,NA,NA,NA,NA,NA,NA,NA,NA,NA,NA,NA,NA,NA,45360
30,NA,NA,49500,NA,NA,NA,NA,12840,NA,NA,NA,NA,NA,NA,124620
31,NA,NA,4500,NA,NA,NA,NA,NA,NA,NA,NA,NA,NA,NA,5880
32,NA,NA,73560,NA,NA,NA,NA,NA,NA,NA,10500,NA,NA,NA,92820
33,NA,NA,26580,NA,NA,NA,NA,NA,NA,NA,NA,NA,NA,NA,27720
35,NA,NA,58140,NA,NA,NA,NA,NA,NA,NA,NA,NA,NA,NA,61260
36,NA,NA,NA,NA,NA,NA,NA,NA,NA,NA,NA,NA,NA,NA,27840
37,NA,NA,60120,23280,NA,NA,NA,NA,NA,NA,NA,NA,NA,NA,88980
38,NA,NA,105780,NA,NA,NA,NA,NA,NA,NA,NA,NA,NA,NA,196560
39,NA,NA,27240,NA,NA,NA,NA,NA,NA,NA,NA,NA,NA,NA,29100
40,NA,NA,27000,NA,NA,NA,NA,NA,NA,NA,NA,NA,NA,NA,28680
41,NA,NA,25380,NA,NA,NA,NA,NA,NA,NA,NA,NA,NA,NA,27240
42,NA,NA,123720,NA,NA,NA,NA,NA,NA,NA,NA,NA,632220,NA,760560
43,NA,NA,NA,NA,NA,NA,NA,NA,NA,NA,NA,NA,1817940,NA,1817940
44,NA,NA,NA,NA,NA,NA,NA,NA,NA,NA,NA,NA,18300,NA,18300
45,NA,NA,NA,NA,NA,NA,NA,NA,NA,NA,NA,NA,77940,NA,77940
46,NA,NA,NA,NA,NA,NA,NA,NA,NA,NA,NA,NA,19080,NA,20220
47,NA,NA,NA,NA,NA,NA,NA,NA,NA,NA,NA,NA,6840,NA,9900
48,NA,NA,NA,NA,NA,NA,NA,NA,NA,NA,NA,NA,1980,NA,2880
49,NA,NA,NA,NA,NA,NA,NA,NA,6660,NA,NA,NA,NA,NA,55140
50,NA,NA,20460,NA,NA,NA,NA,NA,NA,NA,33000,NA,NA,NA,74520
51,NA,NA,18120,NA,NA,NA,NA,NA,NA,NA,NA,NA,NA,NA,20280
52,NA,NA,25680,NA,NA,NA,NA,NA,NA,NA,NA,NA,NA,NA,27960
53,NA,NA,27660,NA,NA,NA,NA,NA,NA,NA,NA,NA,NA,NA,124140
54,NA,NA,81480,NA,NA,NA,NA,NA,NA,NA,NA,NA,NA,NA,83220
55,NA,NA,133440,NA,NA,NA,NA,NA,NA,NA,NA,NA,NA,NA,138420
56,NA,NA,55620,NA,NA,NA,NA,NA,NA,NA,NA,NA,NA,NA,58080
57,NA,NA,9240,NA,NA,NA,NA,NA,NA,NA,NA,NA,NA,NA,10260
58,NA,NA,38040,NA,NA,NA,NA,NA,NA,NA,NA,NA,NA,NA,38880
59,NA,NA,25140,NA,NA,NA,NA,NA,NA,NA,NA,NA,NA,NA,27000
60,NA,NA,41820,NA,NA,NA,NA,NA,NA,NA,NA,NA,NA,NA,106620
61,NA,NA,NA,NA,NA,NA,NA,NA,NA,NA,NA,NA,NA,NA,80820
62,NA,63300,NA,NA,NA,NA,NA,35280,NA,NA,46140,9480,NA,NA,533280
63,NA,NA,NA,NA,NA,NA,NA,NA,NA,NA,NA,7800,NA,NA,15480
64,NA,NA,180,NA,NA,NA,NA,NA,NA,NA,NA,10380,NA,NA,37800
65,NA,NA,120,NA,NA,NA,NA,NA,NA,NA,NA,29340,NA,NA,67920
67,NA,NA,NA,NA,NA,NA,NA,NA,NA,NA,NA,840,NA,NA,5940
68,NA,NA,NA,NA,NA,NA,NA,NA,NA,NA,NA,NA,NA,NA,5640
69,NA,NA,NA,NA,NA,NA,NA,NA,NA,NA,NA,NA,NA,NA,5580
70,NA,NA,NA,NA,NA,NA,NA,NA,NA,NA,NA,NA,NA,NA,2700
71,NA,NA,NA,NA,NA,NA,NA,NA,NA,NA,NA,NA,NA,NA,1020
72,NA,NA,NA,NA,NA,NA,NA,NA,NA,NA,NA,NA,NA,NA,57900
73,NA,NA,NA,NA,NA,NA,NA,NA,NA,NA,NA,NA,NA,NA,136800
74,NA,NA,NA,NA,NA,NA,NA,NA,NA,NA,NA,2700,NA,NA,14940
75,NA,NA,NA,NA,NA,NA,NA,NA,NA,NA,NA,120,NA,NA,4740
76,NA,NA,NA,NA,NA,NA,NA,NA,NA,NA,NA,28920,NA,NA,41340
77,NA,NA,NA,NA,NA,NA,NA,NA,NA,NA,NA,3840,NA,NA,7200
78,NA,NA,NA,NA,NA,NA,NA,NA,NA,NA,NA,51120,NA,NA,60720
79,NA,NA,NA,NA,NA,NA,NA,NA,NA,NA,NA,11520,NA,NA,13860
80,NA,NA,NA,NA,NA,NA,NA,NA,NA,NA,NA,1380,NA,NA,7680
81,NA,NA,NA,NA,NA,NA,NA,NA,NA,NA,NA,NA,NA,NA,2040
83,NA,NA,NA,NA,NA,NA,NA,NA,NA,NA,NA,2100,NA,NA,14220
84,NA,NA,NA,NA,NA,NA,NA,NA,NA,NA,NA,3780,NA,NA,8760
85,NA,NA,NA,NA,NA,NA,NA,NA,NA,NA,NA,2340,NA,NA,4560
86,NA,NA,NA,NA,NA,NA,NA,NA,NA,NA,NA,73200,NA,NA,78300
87,NA,NA,NA,NA,NA,NA,NA,NA,NA,NA,NA,12360,NA,NA,15180
90,NA,NA,NA,NA,NA,NA,NA,NA,NA,NA,NA,52380,NA,NA,52380
91,NA,NA,NA,NA,NA,NA,NA,NA,NA,NA,NA,2640,NA,NA,3900
92,NA,NA,NA,NA,NA,NA,NA,NA,NA,NA,NA,1620,NA,NA,2940
94,NA,NA,NA,NA,NA,NA,NA,NA,NA,NA,NA,4800,NA,NA,19200
95,NA,NA,NA,NA,NA,NA,NA,NA,NA,NA,NA,4200,NA,NA,18540
96,NA,NA,120,NA,NA,NA,NA,NA,NA,1500,NA,27780,NA,NA,45840
98,NA,NA,NA,NA,NA,NA,NA,NA,NA,NA,NA,26460,NA,NA,34500
99,NA,NA,NA,NA,NA,NA,NA,NA,NA,NA,NA,3120,NA,NA,13140
100,NA,NA,NA,NA,NA,NA,NA,NA,NA,NA,NA,1500,NA,NA,6960
101,NA,NA,NA,NA,NA,NA,NA,NA,NA,NA,NA,NA,NA,NA,4680
102,NA,NA,NA,NA,NA,NA,NA,NA,NA,NA,NA,120,NA,NA,4380
103,NA,NA,NA,NA,NA,NA,NA,NA,NA,NA,NA,NA,NA,NA,1980
104,NA,NA,NA,NA,NA,NA,NA,NA,NA,NA,NA,120,NA,NA,9000
105,NA,NA,NA,NA,120,NA,NA,NA,NA,NA,NA,3240,NA,NA,12780
106,NA,NA,NA,NA,NA,NA,NA,NA,NA,NA,NA,2340,NA,NA,4440
107,NA,NA,NA,NA,NA,NA,NA,NA,NA,NA,NA,7980,NA,NA,9060
108,NA,NA,NA,NA,NA,NA,NA,NA,NA,NA,NA,41220,NA,NA,61440
109,NA,NA,NA,NA,NA,NA,NA,NA,NA,NA,NA,NA,NA,NA,5160
110,NA,NA,NA,NA,NA,NA,NA,NA,NA,NA,NA,180,NA,NA,16560
112,NA,NA,NA,118680,NA,NA,NA,NA,NA,120,NA,NA,NA,NA,130020
113,NA,NA,NA,NA,NA,NA,NA,NA,NA,NA,NA,NA,NA,NA,15120
114,NA,NA,NA,NA,NA,NA,NA,NA,NA,NA,NA,NA,NA,NA,15120
116,NA,NA,NA,16620,NA,NA,NA,NA,NA,NA,NA,NA,NA,NA,19800
117,NA,NA,NA,24240,NA,NA,NA,NA,NA,NA,NA,NA,NA,NA,26340
118,NA,NA,NA,20520,NA,NA,NA,NA,NA,NA,NA,NA,NA,NA,23520
119,NA,NA,NA,17460,NA,NA,NA,NA,NA,NA,NA,NA,NA,NA,20100
120,NA,NA,NA,19500,NA,NA,NA,NA,NA,NA,NA,NA,300,NA,22440
121,NA,NA,NA,NA,NA,NA,NA,NA,NA,NA,NA,NA,33180,NA,33360
122,NA,NA,NA,NA,NA,NA,NA,NA,NA,NA,NA,NA,31860,NA,31860
123,NA,NA,NA,NA,NA,NA,NA,NA,NA,NA,NA,NA,31860,NA,31860
124,NA,NA,NA,NA,NA,NA,NA,NA,NA,NA,NA,NA,480,NA,840
125,NA,NA,NA,NA,NA,NA,NA,NA,NA,NA,NA,NA,NA,NA,5880
126,NA,NA,NA,NA,NA,NA,NA,NA,NA,NA,NA,NA,28500,NA,28500
127,NA,NA,NA,NA,NA,NA,NA,NA,NA,NA,NA,NA,30420,NA,30420
128,NA,NA,NA,NA,NA,NA,NA,NA,NA,NA,NA,NA,2820,NA,3000
129,NA,NA,NA,NA,NA,NA,NA,NA,NA,NA,NA,NA,20700,NA,20880
130,NA,NA,NA,NA,NA,NA,NA,NA,NA,NA,NA,NA,33300,NA,33300
131,NA,NA,NA,NA,NA,NA,NA,NA,NA,NA,NA,NA,28260,NA,29340
132,NA,NA,NA,NA,NA,NA,NA,NA,NA,NA,NA,NA,30600,NA,30600
133,NA,NA,NA,NA,NA,NA,NA,NA,NA,NA,NA,NA,21600,NA,21600
134,NA,NA,NA,NA,NA,NA,540,NA,NA,NA,NA,NA,21240,NA,24480
135,NA,NA,NA,NA,NA,NA,NA,NA,NA,NA,NA,NA,22860,NA,22860
136,NA,NA,NA,NA,NA,NA,NA,NA,NA,NA,NA,NA,23220,NA,23220
138,NA,NA,NA,NA,NA,NA,NA,NA,NA,NA,NA,NA,38340,NA,38340
139,NA,NA,NA,NA,NA,NA,NA,NA,NA,NA,NA,NA,43260,NA,44280
140,NA,NA,NA,NA,NA,NA,NA,NA,NA,NA,NA,NA,20160,NA,20160
141,NA,NA,NA,NA,NA,NA,NA,NA,NA,NA,NA,NA,20520,NA,20520
142,NA,NA,NA,NA,NA,NA,NA,NA,NA,NA,NA,NA,20340,NA,20340
143,NA,NA,NA,NA,NA,NA,NA,NA,NA,NA,NA,NA,NA,NA,3420
144,NA,NA,NA,NA,NA,NA,NA,NA,NA,NA,NA,NA,300,NA,480
146,NA,NA,NA,NA,NA,NA,NA,NA,NA,NA,NA,NA,21960,30240,52200
147,NA,NA,NA,NA,NA,NA,NA,NA,NA,NA,NA,NA,NA,13680,13680
148,NA,NA,NA,NA,NA,NA,NA,NA,NA,NA,NA,NA,NA,26640,26640
149,NA,NA,NA,NA,NA,NA,NA,NA,NA,NA,NA,NA,NA,30240,30240
151,NA,NA,NA,NA,NA,NA,NA,NA,NA,NA,NA,NA,NA,38880,38880
153,NA,NA,NA,NA,NA,NA,NA,NA,NA,NA,NA,NA,NA,26220,26220
154,NA,NA,NA,NA,NA,NA,NA,NA,NA,NA,NA,NA,NA,90360,90360
157,NA,NA,NA,NA,NA,NA,NA,NA,NA,NA,NA,NA,NA,36360,36360
159,NA,NA,NA,NA,NA,NA,NA,NA,NA,NA,NA,NA,NA,29520,29520
160,NA,NA,NA,NA,NA,NA,NA,NA,NA,NA,NA,NA,NA,63720,63720
161,NA,NA,NA,NA,NA,NA,NA,NA,NA,NA,NA,NA,NA,13500,13500
162,NA,NA,NA,NA,NA,NA,NA,NA,NA,NA,NA,NA,NA,18000,18000
163,NA,NA,NA,NA,NA,NA,NA,NA,NA,NA,NA,NA,NA,47520,47520
164,NA,NA,NA,NA,NA,NA,NA,NA,NA,NA,NA,NA,NA,33120,33120
165,NA,NA,NA,NA,NA,NA,NA,NA,NA,NA,NA,NA,NA,23040,23040
166,NA,NA,NA,NA,NA,NA,NA,NA,NA,NA,NA,NA,NA,88500,88500
167,NA,NA,NA,NA,NA,NA,NA,NA,NA,NA,NA,NA,NA,27660,27660
168,NA,NA,NA,NA,NA,NA,NA,NA,NA,NA,NA,NA,NA,38820,38820
170,NA,NA,NA,NA,NA,NA,NA,NA,NA,NA,NA,NA,NA,123120,123120
173,NA,NA,NA,NA,NA,NA,NA,NA,NA,NA,NA,NA,NA,75600,75600
174,NA,NA,NA,NA,NA,NA,NA,NA,NA,NA,NA,NA,NA,165540,165540
175,NA,NA,NA,NA,NA,NA,NA,NA,NA,NA,NA,NA,NA,14400,14400
176,NA,NA,NA,NA,NA,NA,NA,NA,NA,NA,NA,NA,NA,42840,42840
177,NA,NA,NA,NA,NA,NA,NA,NA,NA,NA,NA,NA,NA,92880,92880
179,NA,NA,NA,NA,NA,NA,NA,NA,NA,NA,NA,NA,NA,28080,28080
180,NA,NA,NA,NA,NA,NA,NA,NA,NA,NA,NA,NA,NA,81300,81300
181,NA,NA,NA,NA,NA,NA,NA,NA,NA,NA,NA,NA,NA,38880,38880
183,NA,NA,NA,NA,NA,NA,NA,NA,NA,NA,NA,NA,NA,26880,26880
184,NA,NA,NA,NA,NA,NA,NA,NA,NA,NA,NA,NA,NA,19080,19080
185,NA,NA,NA,NA,NA,NA,NA,NA,NA,NA,NA,NA,NA,46440,46440
186,NA,NA,NA,NA,NA,NA,NA,NA,NA,NA,NA,NA,NA,19260,21780
187,NA,NA,NA,NA,NA,NA,NA,NA,NA,NA,NA,NA,NA,NA,6540
188,NA,NA,NA,NA,NA,NA,NA,NA,NA,NA,NA,NA,NA,NA,8940
189,NA,NA,NA,NA,NA,NA,NA,NA,NA,NA,NA,NA,NA,NA,2820
190,NA,NA,NA,NA,NA,NA,NA,NA,NA,NA,NA,NA,NA,NA,1980
191,NA,NA,NA,NA,NA,NA,NA,NA,NA,NA,NA,NA,NA,NA,7020
192,NA,NA,NA,NA,NA,NA,NA,NA,NA,NA,NA,NA,NA,NA,11100
193,NA,NA,NA,NA,NA,NA,NA,NA,NA,NA,NA,NA,NA,NA,3540
195,NA,NA,NA,NA,NA,NA,NA,NA,NA,NA,NA,NA,NA,NA,960
196,NA,NA,NA,NA,NA,NA,NA,NA,NA,NA,NA,NA,NA,NA,4740
197,NA,NA,NA,NA,NA,NA,NA,NA,NA,NA,NA,NA,NA,NA,5160
199,NA,NA,NA,NA,NA,NA,NA,NA,NA,NA,NA,NA,NA,NA,17220
200,NA,NA,NA,NA,NA,NA,NA,NA,NA,NA,NA,NA,NA,NA,2160
201,NA,NA,NA,NA,NA,NA,NA,NA,NA,NA,NA,NA,NA,NA,2760
202,NA,NA,NA,NA,NA,NA,NA,NA,NA,NA,NA,NA,NA,NA,2400
203,NA,NA,NA,NA,NA,NA,NA,NA,NA,NA,NA,NA,NA,NA,5340
204,NA,NA,NA,NA,NA,NA,NA,NA,NA,NA,NA,NA,NA,NA,3660
205,NA,NA,NA,NA,NA,NA,NA,NA,NA,NA,NA,NA,NA,NA,9660
206,NA,NA,NA,NA,NA,NA,NA,NA,NA,NA,NA,NA,NA,NA,25740
208,NA,NA,NA,NA,NA,NA,NA,NA,NA,NA,NA,NA,NA,NA,10980
209,NA,NA,NA,NA,NA,NA,NA,NA,NA,NA,NA,NA,NA,NA,8760
210,NA,NA,NA,NA,NA,NA,NA,NA,NA,NA,NA,NA,NA,NA,4200
211,NA,NA,NA,NA,NA,NA,NA,NA,NA,NA,NA,NA,NA,NA,10800
212,NA,NA,NA,NA,NA,NA,NA,NA,NA,NA,NA,NA,NA,NA,4560
213,NA,NA,NA,NA,NA,NA,NA,NA,NA,NA,NA,NA,NA,NA,6240
214,NA,NA,NA,NA,NA,NA,NA,NA,NA,NA,NA,NA,NA,960,7980
217,NA,NA,NA,NA,NA,NA,NA,NA,NA,NA,NA,NA,7200,2100,11820
218,NA,NA,NA,NA,NA,NA,NA,NA,NA,NA,NA,NA,15540,NA,15540
219,NA,NA,NA,NA,NA,NA,NA,NA,NA,NA,NA,NA,10020,NA,10020
221,NA,NA,NA,NA,NA,NA,NA,NA,NA,NA,NA,NA,56460,NA,56460
222,NA,NA,NA,NA,NA,NA,NA,NA,NA,NA,NA,NA,82020,NA,82020
226,NA,NA,NA,NA,NA,NA,NA,NA,NA,NA,NA,NA,NA,NA,660
227,NA,NA,NA,NA,NA,NA,NA,NA,NA,NA,NA,NA,NA,NA,600
228,NA,NA,NA,NA,NA,NA,NA,NA,NA,NA,NA,NA,NA,NA,420
229,NA,NA,NA,NA,NA,NA,NA,NA,NA,NA,NA,NA,10380,NA,12060
230,NA,NA,NA,NA,NA,NA,NA,NA,NA,NA,NA,NA,120,NA,19440
231,NA,NA,NA,NA,NA,NA,NA,NA,NA,NA,NA,NA,NA,NA,1080
232,120,NA,11340,NA,NA,NA,12480,NA,NA,NA,NA,NA,NA,NA,475380
233,360,37740,55620,117000,NA,NA,NA,NA,NA,NA,159300,NA,720,NA,1194960
234,NA,NA,NA,NA,NA,NA,NA,NA,NA,NA,NA,NA,180,NA,1200
235,NA,NA,NA,NA,NA,NA,NA,NA,NA,NA,NA,NA,NA,NA,1320
236,NA,NA,NA,NA,NA,NA,NA,NA,NA,NA,NA,NA,8400,NA,10620
237,NA,NA,NA,NA,NA,NA,NA,NA,NA,NA,NA,NA,1560,NA,4440
238,NA,NA,NA,NA,NA,NA,NA,NA,NA,NA,NA,NA,1860,NA,2820
239,NA,NA,NA,NA,NA,NA,NA,NA,NA,NA,NA,NA,16440,NA,18000
240,NA,NA,NA,NA,NA,NA,NA,NA,NA,NA,NA,NA,191880,NA,191880
241,NA,NA,NA,NA,NA,NA,NA,NA,NA,NA,NA,NA,12960,NA,12960
243,NA,NA,NA,NA,NA,NA,NA,NA,NA,NA,NA,NA,32400,NA,32400
247,NA,NA,NA,NA,NA,NA,NA,NA,NA,NA,NA,NA,21600,NA,21600
248,NA,NA,NA,NA,NA,NA,NA,NA,NA,NA,NA,NA,13620,NA,13620
250,NA,NA,NA,NA,NA,NA,NA,NA,NA,NA,NA,NA,28080,NA,28080
251,NA,NA,NA,NA,NA,NA,NA,NA,NA,NA,NA,NA,55440,NA,55440
252,NA,NA,NA,NA,NA,NA,NA,NA,NA,NA,NA,NA,59400,NA,59400
253,NA,NA,NA,NA,NA,NA,NA,NA,NA,NA,NA,NA,16200,NA,16200
257,NA,NA,NA,NA,NA,NA,NA,NA,NA,NA,NA,NA,38880,NA,38880
258,NA,NA,NA,NA,NA,NA,NA,NA,NA,NA,NA,NA,32040,NA,32040
259,NA,NA,NA,NA,NA,NA,NA,NA,NA,NA,NA,NA,13260,NA,13260
268,NA,NA,NA,NA,NA,NA,NA,NA,NA,NA,NA,NA,12960,NA,12960
270,NA,NA,NA,NA,NA,NA,NA,NA,NA,NA,NA,NA,27720,NA,27720
271,NA,NA,NA,NA,NA,NA,NA,NA,NA,NA,NA,NA,31320,NA,31320
274,NA,NA,NA,NA,NA,NA,NA,NA,NA,NA,NA,NA,12240,NA,12240
275,NA,NA,NA,NA,NA,NA,NA,NA,NA,NA,NA,NA,23760,NA,23760
276,NA,NA,NA,NA,NA,NA,NA,NA,NA,NA,NA,NA,100620,NA,100620
277,NA,NA,NA,NA,NA,NA,NA,NA,NA,NA,NA,NA,114840,NA,114840
279,NA,NA,NA,NA,NA,NA,NA,NA,NA,NA,NA,NA,32340,NA,32340
280,NA,NA,NA,NA,NA,NA,NA,NA,NA,NA,NA,NA,73680,283440,357900
281,NA,NA,NA,NA,NA,NA,NA,NA,NA,NA,NA,NA,NA,346440,346440
282,NA,NA,NA,NA,NA,NA,NA,NA,NA,NA,NA,NA,NA,1817400,1817400
283,NA,NA,NA,NA,NA,NA,NA,NA,NA,NA,NA,NA,NA,99960,99960
284,NA,NA,NA,NA,NA,NA,NA,NA,NA,NA,NA,NA,NA,16020,16020
286,NA,NA,NA,NA,NA,NA,NA,NA,NA,NA,NA,NA,NA,87240,96240
287,NA,NA,NA,NA,NA,NA,NA,NA,NA,NA,NA,NA,NA,25560,25560
289,NA,NA,NA,NA,NA,NA,NA,NA,NA,NA,NA,NA,NA,120,1920
292,NA,NA,NA,NA,NA,NA,NA,NA,NA,NA,NA,NA,NA,14400,18180
293,11340,NA,NA,NA,NA,NA,NA,NA,NA,NA,NA,NA,NA,3960,20040
294,37320,NA,NA,NA,NA,NA,NA,NA,NA,NA,NA,NA,NA,NA,38760
295,46440,NA,120,NA,NA,NA,NA,NA,NA,NA,NA,NA,NA,NA,47820
296,44880,NA,NA,NA,NA,NA,NA,NA,NA,NA,NA,NA,NA,NA,46380
297,NA,NA,NA,NA,NA,NA,NA,NA,NA,NA,NA,NA,NA,NA,46740
298,NA,NA,NA,NA,NA,NA,NA,NA,NA,NA,NA,NA,NA,NA,5040
299,30420,NA,NA,NA,NA,NA,NA,NA,NA,NA,NA,NA,NA,NA,32100
300,NA,NA,18240,NA,NA,NA,NA,NA,NA,NA,NA,NA,NA,NA,19980
301,NA,NA,54840,NA,NA,NA,NA,NA,NA,NA,NA,NA,NA,NA,56700
302,NA,NA,NA,NA,NA,NA,NA,NA,NA,NA,NA,NA,NA,NA,5220
303,NA,NA,NA,NA,NA,NA,NA,NA,NA,NA,NA,NA,NA,NA,21360
304,NA,NA,NA,NA,NA,NA,NA,NA,NA,NA,NA,NA,NA,NA,31920
305,NA,NA,NA,NA,NA,NA,NA,NA,NA,NA,NA,NA,NA,NA,4680
306,NA,NA,NA,NA,NA,NA,NA,NA,NA,NA,NA,NA,NA,NA,21300
307,NA,NA,NA,NA,NA,NA,NA,NA,NA,NA,NA,NA,NA,NA,32220
308,NA,NA,NA,NA,NA,NA,NA,NA,NA,NA,NA,NA,NA,NA,5100
309,29460,NA,NA,NA,NA,NA,NA,NA,NA,NA,NA,NA,NA,NA,31020
310,46740,NA,NA,NA,NA,NA,NA,NA,NA,NA,NA,NA,NA,NA,48420
311,NA,NA,NA,NA,NA,NA,NA,NA,NA,NA,NA,NA,NA,NA,34380
312,NA,NA,NA,NA,NA,NA,NA,NA,NA,NA,NA,NA,NA,NA,5460
313,NA,NA,NA,NA,NA,NA,NA,NA,NA,NA,NA,NA,NA,NA,21900
314,31860,NA,NA,NA,NA,NA,NA,NA,NA,NA,NA,NA,NA,NA,33360
315,NA,NA,NA,NA,NA,NA,NA,NA,NA,NA,NA,NA,NA,NA,47640
316,NA,NA,NA,NA,NA,NA,NA,NA,NA,NA,NA,NA,NA,NA,48180
317,NA,NA,NA,NA,NA,NA,NA,NA,NA,NA,NA,NA,NA,NA,4740
318,NA,NA,NA,NA,NA,NA,NA,NA,NA,NA,NA,NA,NA,NA,3840
319,NA,NA,NA,NA,NA,NA,NA,NA,NA,NA,NA,NA,NA,NA,4380
320,NA,NA,NA,NA,NA,NA,NA,NA,NA,NA,NA,NA,NA,NA,3660
321,NA,NA,NA,NA,NA,NA,NA,NA,NA,NA,NA,NA,NA,NA,4320
322,11040,NA,NA,NA,NA,NA,NA,NA,NA,NA,NA,NA,NA,NA,12480
323,38640,NA,120,NA,NA,NA,NA,NA,NA,NA,NA,NA,NA,NA,40020
324,46980,NA,NA,NA,NA,NA,NA,NA,NA,NA,NA,NA,NA,NA,48180
325,NA,NA,NA,NA,NA,NA,NA,NA,NA,NA,NA,NA,NA,NA,47640
326,NA,NA,NA,NA,NA,NA,NA,NA,NA,NA,NA,NA,NA,NA,47880
327,NA,NA,NA,NA,NA,NA,NA,NA,NA,NA,NA,NA,NA,NA,4560
328,NA,NA,NA,NA,NA,NA,NA,NA,NA,NA,NA,NA,NA,NA,3480
329,NA,NA,NA,NA,NA,NA,NA,NA,NA,NA,NA,NA,NA,NA,4620
330,NA,NA,NA,NA,NA,NA,NA,NA,NA,NA,NA,NA,NA,NA,3360
331,NA,NA,NA,NA,NA,NA,NA,NA,NA,NA,NA,NA,NA,NA,4560
332,NA,NA,NA,NA,NA,NA,NA,NA,NA,NA,NA,NA,NA,NA,360
333,37980,NA,NA,NA,NA,NA,NA,NA,NA,NA,NA,NA,NA,NA,39420
334,20280,NA,NA,NA,NA,NA,NA,NA,NA,NA,NA,NA,120,480,25440
335,NA,NA,NA,NA,NA,NA,NA,NA,NA,NA,NA,NA,NA,840,2700
336,NA,NA,NA,NA,NA,NA,NA,NA,NA,NA,NA,NA,NA,1080,4740
337,NA,NA,NA,NA,NA,NA,NA,NA,NA,NA,NA,NA,NA,1080,2160
339,NA,NA,NA,NA,NA,NA,NA,NA,NA,NA,NA,NA,NA,180,1500
340,NA,NA,NA,NA,NA,NA,NA,NA,NA,NA,NA,NA,NA,360,3420
341,NA,NA,NA,NA,NA,NA,NA,NA,NA,NA,NA,NA,NA,NA,9360
342,NA,NA,NA,NA,NA,NA,NA,NA,NA,NA,NA,NA,NA,240,5940
344,NA,NA,NA,NA,NA,NA,NA,NA,NA,NA,NA,NA,120,360,5580
346,NA,NA,NA,NA,360,NA,NA,NA,NA,NA,NA,NA,960,780,704160
348,NA,NA,NA,NA,NA,NA,NA,NA,NA,NA,NA,NA,NA,36720,36720
349,NA,NA,NA,NA,NA,NA,NA,NA,NA,NA,NA,NA,NA,26040,26040
353,NA,NA,NA,NA,NA,NA,NA,NA,NA,NA,NA,NA,NA,9360,9360
354,NA,NA,NA,NA,NA,NA,NA,NA,NA,NA,NA,NA,NA,26640,26640
355,NA,NA,NA,NA,NA,NA,NA,NA,NA,NA,NA,NA,NA,23400,23400
361,NA,NA,NA,NA,NA,NA,NA,NA,NA,NA,NA,NA,NA,8640,8640
362,NA,NA,NA,NA,NA,NA,NA,NA,NA,NA,NA,NA,NA,29520,29520
363,NA,NA,NA,NA,NA,NA,NA,NA,NA,NA,NA,NA,NA,35640,35640
367,NA,NA,NA,NA,NA,NA,NA,NA,NA,NA,NA,NA,NA,12960,12960
368,NA,NA,NA,NA,NA,NA,NA,NA,NA,NA,NA,NA,NA,18000,18000
371,NA,NA,NA,NA,NA,NA,NA,NA,NA,NA,NA,NA,NA,45720,45720
372,NA,NA,NA,NA,NA,NA,NA,NA,NA,NA,NA,NA,NA,51360,51360
373,NA,NA,NA,NA,NA,NA,NA,NA,NA,NA,NA,NA,NA,41040,41040
375,NA,NA,NA,NA,NA,NA,NA,NA,NA,NA,NA,NA,NA,66240,66240
376,NA,NA,NA,NA,NA,NA,NA,NA,NA,NA,NA,NA,NA,73560,75300
383,NA,NA,NA,NA,NA,NA,NA,NA,NA,NA,NA,NA,NA,67680,67680
386,NA,NA,NA,NA,NA,NA,NA,NA,NA,NA,NA,NA,NA,52920,52920
387,NA,NA,NA,NA,NA,NA,NA,NA,NA,NA,NA,NA,NA,22080,22080
390,NA,NA,NA,NA,NA,NA,NA,NA,NA,NA,NA,NA,NA,42720,42720
391,NA,NA,NA,NA,NA,NA,NA,NA,NA,NA,NA,NA,NA,36720,36720
392,NA,NA,NA,NA,NA,NA,NA,NA,NA,NA,NA,NA,NA,56160,56160
393,NA,NA,NA,NA,NA,NA,NA,NA,NA,NA,NA,NA,NA,92280,97200
395,NA,NA,NA,NA,NA,NA,NA,NA,NA,NA,NA,NA,NA,57900,57900
396,NA,NA,NA,NA,NA,NA,NA,NA,NA,NA,NA,NA,NA,52860,52860
397,NA,NA,NA,NA,NA,NA,NA,NA,NA,NA,NA,NA,NA,31200,31200
398,NA,NA,NA,NA,NA,NA,NA,NA,NA,NA,NA,NA,NA,28800,28800
399,NA,NA,NA,NA,NA,NA,NA,NA,NA,NA,NA,NA,NA,95040,95040
400,NA,NA,NA,NA,NA,NA,NA,NA,NA,NA,NA,NA,NA,26400,26400
403,NA,NA,NA,NA,NA,NA,NA,NA,NA,NA,NA,NA,NA,13980,13980
405,NA,NA,NA,NA,NA,NA,NA,NA,NA,NA,NA,NA,NA,10080,10080
406,NA,NA,NA,NA,NA,NA,NA,NA,NA,NA,NA,NA,NA,16560,16560
407,NA,NA,NA,NA,NA,NA,NA,NA,NA,NA,NA,NA,NA,52260,52260
410,NA,NA,NA,NA,NA,NA,NA,NA,NA,NA,NA,NA,540,33540,35700
422,NA,NA,NA,NA,NA,NA,NA,NA,NA,NA,NA,NA,NA,27180,27180
430,NA,NA,NA,NA,NA,NA,NA,NA,NA,NA,NA,NA,NA,6300,10800
433,NA,NA,NA,NA,NA,NA,NA,NA,NA,NA,NA,NA,NA,34920,34920
446,NA,NA,NA,NA,NA,NA,NA,NA,NA,NA,NA,NA,NA,18720,18720
451,NA,NA,NA,NA,NA,NA,NA,NA,NA,NA,NA,NA,NA,77760,77760
452,NA,NA,NA,NA,NA,NA,NA,NA,NA,NA,NA,NA,NA,16560,16560
453,NA,NA,NA,NA,NA,NA,NA,NA,NA,NA,NA,NA,NA,87180,87180
454,NA,NA,NA,NA,NA,NA,NA,NA,NA,NA,NA,NA,NA,58320,58320
455,NA,NA,NA,NA,NA,NA,NA,NA,NA,NA,NA,NA,NA,23640,23640
456,NA,NA,NA,NA,NA,NA,NA,NA,NA,NA,NA,NA,NA,62280,62280
462,NA,NA,NA,NA,NA,NA,NA,NA,NA,NA,NA,NA,NA,12960,12960
463,NA,NA,NA,NA,NA,NA,NA,NA,NA,NA,NA,NA,NA,48240,48240
465,NA,NA,NA,NA,NA,NA,NA,NA,NA,NA,NA,NA,NA,9360,9360
466,NA,NA,NA,NA,NA,NA,NA,NA,NA,NA,NA,NA,NA,11880,11880
467,NA,NA,NA,NA,NA,NA,NA,NA,NA,NA,NA,NA,NA,14760,14760
468,NA,NA,NA,NA,NA,NA,NA,NA,NA,NA,NA,NA,NA,8640,8640
469,NA,NA,NA,NA,NA,NA,NA,NA,NA,NA,NA,NA,NA,19080,19080
470,NA,NA,NA,NA,NA,NA,NA,NA,NA,NA,NA,NA,NA,50040,50040
473,NA,NA,NA,NA,NA,NA,NA,NA,NA,NA,NA,NA,NA,13320,13320
474,NA,NA,NA,NA,NA,NA,NA,NA,NA,NA,NA,NA,NA,13320,13320
475,NA,NA,NA,NA,NA,NA,NA,NA,NA,NA,NA,NA,NA,16200,16200
477,NA,NA,NA,NA,NA,NA,NA,NA,NA,NA,NA,NA,NA,11160,11160
486,NA,NA,NA,NA,NA,NA,NA,NA,NA,NA,NA,NA,NA,226020,226020
487,NA,NA,NA,NA,NA,NA,NA,NA,NA,NA,NA,NA,NA,251760,253080
488,NA,NA,NA,NA,NA,NA,NA,NA,NA,NA,NA,NA,NA,82920,84600
489,NA,NA,NA,NA,NA,NA,NA,NA,NA,NA,NA,NA,NA,19800,19800
490,NA,NA,NA,NA,NA,NA,NA,NA,NA,NA,NA,NA,NA,18720,18720
492,NA,NA,NA,NA,NA,NA,NA,NA,NA,NA,NA,NA,NA,335940,335940
493,NA,NA,NA,NA,NA,NA,NA,NA,NA,NA,NA,NA,NA,157320,157320
494,NA,NA,NA,NA,NA,NA,NA,NA,NA,NA,NA,NA,NA,21600,21600
495,NA,NA,NA,NA,NA,NA,NA,NA,NA,NA,NA,NA,NA,122760,122760
496,NA,NA,NA,NA,NA,NA,NA,NA,NA,NA,NA,NA,NA,480240,517800
497,NA,NA,NA,NA,NA,NA,NA,NA,NA,NA,NA,NA,NA,117360,117360
498,NA,NA,NA,NA,NA,NA,NA,NA,NA,NA,NA,NA,NA,61920,62520
499,NA,NA,NA,NA,NA,NA,NA,NA,NA,NA,NA,NA,NA,2700,3840
501,NA,NA,NA,NA,NA,NA,NA,NA,NA,NA,NA,NA,NA,317040,317040
502,NA,NA,NA,NA,NA,NA,NA,NA,NA,NA,NA,NA,NA,54240,58080
503,NA,NA,NA,NA,NA,NA,NA,NA,NA,NA,NA,NA,NA,41040,41040
504,NA,NA,NA,NA,NA,NA,NA,NA,NA,NA,NA,NA,NA,101880,226380
505,NA,NA,2220,NA,NA,NA,NA,NA,NA,NA,NA,NA,1080,NA,134340
506,1920,NA,9960,2760,1740,180,NA,240,180,480,240,NA,4200,1620,440340
507,180,NA,600,NA,1020,240,NA,NA,NA,NA,NA,NA,840,NA,53700
508,180,NA,4380,1020,NA,180,NA,240,NA,NA,NA,NA,900,NA,187620
509,8880,720,21120,4680,1680,480,300,NA,360,540,NA,360,16260,300,1693800
510,720,NA,1440,NA,NA,NA,120,NA,NA,NA,NA,NA,1800,NA,103140
512,NA,NA,NA,NA,NA,NA,NA,NA,NA,NA,NA,NA,NA,16860,16860
513,NA,NA,NA,NA,NA,NA,NA,NA,NA,NA,NA,NA,NA,5040,8400
514,NA,NA,NA,NA,NA,NA,NA,NA,NA,NA,NA,NA,NA,3780,6300
515,NA,NA,NA,NA,NA,NA,NA,NA,NA,NA,NA,NA,NA,3180,5160
516,NA,120,3360,180,NA,NA,NA,NA,NA,NA,NA,NA,1440,2820,171480
517,NA,120,4140,NA,240,NA,NA,NA,NA,NA,NA,NA,3600,180,219120
518,NA,NA,360,240,NA,NA,840,NA,NA,NA,120,NA,1800,NA,173520
519,NA,NA,NA,NA,NA,NA,NA,NA,NA,NA,NA,NA,NA,NA,90540
520,2340,240,16800,2940,6180,1440,NA,120,NA,780,NA,420,13080,NA,1613460
521,NA,NA,360,NA,NA,NA,NA,NA,NA,NA,NA,NA,NA,NA,284880
522,NA,NA,4920,600,1980,NA,120,NA,NA,NA,NA,NA,NA,NA,387540
523,360,1620,20640,3660,7500,1500,840,NA,NA,180,NA,NA,NA,NA,1813680
524,NA,NA,1260,900,NA,NA,NA,NA,NA,NA,NA,NA,NA,633600,753180
525,NA,NA,NA,NA,NA,NA,NA,NA,NA,NA,NA,NA,NA,1490880,1492080
526,NA,NA,NA,NA,NA,NA,NA,NA,NA,NA,NA,NA,NA,317640,323520
527,NA,NA,NA,NA,NA,NA,NA,NA,NA,NA,NA,NA,NA,118740,439680
528,NA,NA,NA,NA,NA,NA,NA,NA,NA,NA,NA,NA,NA,NA,277980
530,NA,NA,NA,NA,NA,NA,NA,NA,NA,135180,NA,NA,NA,NA,1032720
531,NA,NA,NA,NA,NA,NA,NA,NA,NA,NA,NA,NA,NA,NA,5760
532,NA,NA,NA,NA,NA,NA,NA,NA,NA,NA,NA,NA,NA,15120,18360
533,NA,NA,NA,NA,NA,NA,NA,NA,NA,NA,NA,NA,NA,16140,16140
534,NA,NA,NA,NA,NA,NA,NA,NA,NA,NA,NA,NA,NA,90840,96960
535,5640,8820,14340,15120,NA,NA,90780,NA,34740,NA,142680,NA,NA,4200,524100
536,3360,56640,43380,40620,NA,NA,39600,NA,NA,67740,581940,NA,NA,NA,1241520
537,NA,NA,15900,NA,NA,NA,NA,NA,NA,NA,35100,NA,NA,NA,87840
538,NA,NA,NA,NA,NA,NA,NA,NA,NA,NA,NA,NA,NA,NA,815940
539,NA,NA,NA,NA,NA,NA,NA,NA,NA,NA,NA,NA,NA,NA,132840
540,NA,NA,NA,NA,NA,NA,NA,NA,NA,NA,NA,NA,NA,NA,767160
541,NA,NA,NA,NA,NA,NA,NA,NA,NA,NA,NA,NA,NA,NA,29880
542,NA,NA,NA,NA,NA,NA,NA,NA,NA,NA,NA,NA,NA,NA,204720
543,NA,NA,NA,NA,NA,NA,NA,NA,NA,NA,NA,NA,NA,NA,88560
544,NA,NA,NA,NA,NA,NA,NA,NA,NA,NA,NA,NA,NA,NA,133860
545,NA,NA,NA,NA,NA,NA,NA,NA,NA,NA,NA,NA,NA,NA,10260
546,NA,NA,NA,NA,NA,NA,NA,NA,NA,NA,NA,NA,NA,NA,467100
547,NA,NA,NA,NA,NA,NA,NA,NA,NA,NA,NA,NA,NA,NA,119220
548,NA,NA,NA,NA,NA,NA,NA,NA,NA,NA,NA,NA,NA,360,2400
549,NA,NA,NA,NA,NA,NA,NA,NA,NA,NA,NA,NA,NA,3960,5160
550,NA,NA,NA,NA,NA,NA,NA,NA,NA,NA,NA,NA,NA,180,1260
557,NA,NA,NA,NA,NA,NA,NA,NA,NA,NA,NA,NA,NA,NA,2160
558,NA,NA,NA,NA,NA,NA,NA,NA,NA,NA,1980,NA,NA,NA,3360
565,NA,NA,NA,NA,NA,NA,NA,NA,NA,NA,NA,NA,NA,NA,1740
566,NA,NA,NA,NA,NA,NA,NA,NA,NA,NA,1440,NA,NA,NA,3900
569,NA,NA,NA,NA,NA,NA,NA,NA,NA,NA,NA,NA,NA,NA,2220
570,NA,NA,NA,NA,NA,NA,NA,NA,NA,NA,1260,NA,NA,NA,3960
571,NA,NA,NA,NA,NA,NA,NA,NA,NA,NA,NA,NA,NA,NA,2220
572,NA,NA,NA,NA,NA,NA,NA,NA,NA,NA,1260,NA,NA,NA,3420
573,NA,NA,6060,NA,1500,NA,360,NA,NA,NA,2760,NA,120,NA,626340
574,120,120,13980,1380,6960,2820,NA,120,120,NA,NA,NA,NA,NA,1817640
575,NA,NA,2520,NA,NA,NA,NA,NA,NA,NA,NA,NA,NA,NA,543960
576,NA,2340,8340,NA,NA,NA,NA,NA,360,NA,NA,NA,NA,NA,701520
577,NA,NA,10260,NA,1740,NA,480,NA,NA,NA,NA,NA,NA,NA,725400
578,NA,NA,NA,NA,NA,NA,NA,NA,NA,2220,NA,NA,NA,NA,151500
579,NA,240,8580,5700,NA,2400,NA,NA,NA,NA,NA,NA,NA,NA,885180
580,NA,NA,600,19380,NA,420,NA,NA,NA,NA,NA,NA,NA,NA,140580
581,540,NA,2520,26940,NA,NA,NA,NA,NA,NA,NA,NA,NA,NA,657960
582,NA,480,3540,1500,NA,1680,NA,NA,NA,240,NA,NA,NA,NA,1779600
583,NA,NA,540,NA,NA,NA,NA,19020,NA,NA,NA,NA,NA,NA,141000
584,NA,NA,300,12060,22680,NA,NA,22800,NA,NA,79320,NA,NA,NA,380340
585,NA,NA,25560,NA,NA,NA,NA,NA,NA,NA,NA,NA,NA,NA,138960
586,NA,NA,NA,NA,NA,NA,NA,NA,NA,NA,NA,NA,NA,NA,5280
587,NA,NA,NA,NA,NA,NA,NA,NA,NA,NA,NA,NA,NA,NA,21300
588,NA,NA,NA,NA,NA,NA,NA,NA,NA,NA,NA,NA,NA,NA,32220
589,NA,NA,NA,NA,NA,NA,NA,NA,NA,NA,NA,NA,NA,NA,5160
590,NA,NA,NA,NA,NA,NA,NA,NA,NA,NA,NA,NA,NA,NA,22500
591,NA,NA,9060,NA,NA,NA,NA,NA,NA,NA,NA,NA,NA,NA,11160
592,NA,NA,25920,NA,NA,NA,NA,NA,NA,NA,NA,NA,NA,NA,27960
593,5280,NA,NA,NA,NA,NA,NA,NA,NA,NA,NA,NA,NA,NA,7020
594,33360,NA,NA,NA,NA,NA,NA,NA,NA,NA,NA,NA,NA,NA,35040
595,NA,NA,NA,NA,NA,NA,NA,NA,NA,NA,NA,NA,NA,NA,36480
596,NA,NA,NA,NA,NA,NA,NA,NA,NA,NA,NA,NA,NA,NA,21240
597,NA,NA,NA,NA,NA,NA,NA,NA,NA,NA,NA,NA,NA,NA,34920
598,NA,NA,NA,NA,NA,NA,NA,NA,NA,NA,NA,NA,NA,NA,12420
599,NA,NA,NA,NA,NA,NA,NA,NA,NA,NA,NA,NA,NA,NA,22140
600,NA,NA,NA,NA,NA,NA,NA,NA,NA,NA,NA,NA,NA,NA,33660
601,NA,NA,17700,NA,NA,NA,NA,NA,NA,NA,NA,NA,NA,NA,19500
602,NA,NA,26580,NA,NA,NA,NA,NA,NA,NA,NA,NA,NA,NA,28260
603,5520,NA,NA,NA,NA,NA,NA,NA,NA,NA,NA,NA,NA,NA,7020
604,NA,NA,6600,NA,NA,NA,NA,NA,NA,NA,NA,NA,NA,NA,8460
605,NA,NA,11760,NA,NA,NA,NA,NA,NA,NA,NA,NA,NA,NA,13260
606,NA,NA,NA,NA,NA,NA,NA,NA,NA,NA,NA,NA,NA,NA,18540
607,NA,NA,NA,NA,NA,NA,NA,NA,NA,NA,NA,NA,NA,NA,34740
608,11220,NA,NA,NA,NA,NA,NA,NA,NA,NA,NA,NA,NA,NA,12540
609,NA,NA,NA,NA,NA,NA,NA,NA,NA,NA,NA,NA,NA,NA,21960
610,32400,NA,NA,NA,NA,NA,NA,NA,NA,NA,NA,NA,NA,NA,34020
611,NA,NA,20400,NA,NA,NA,NA,NA,NA,NA,NA,NA,NA,NA,22200
612,NA,NA,25980,NA,NA,NA,NA,NA,NA,NA,NA,NA,NA,NA,27900
613,5160,NA,NA,NA,NA,NA,NA,NA,NA,NA,NA,NA,NA,NA,6540
614,32280,NA,NA,NA,NA,NA,NA,NA,NA,NA,NA,NA,NA,NA,33720
615,NA,NA,NA,NA,NA,NA,NA,NA,NA,NA,NA,NA,NA,NA,34860
616,NA,NA,NA,NA,NA,NA,NA,NA,NA,NA,NA,NA,NA,NA,6180
617,NA,NA,NA,NA,NA,NA,NA,NA,NA,NA,NA,NA,NA,NA,22260
618,NA,NA,NA,NA,NA,NA,NA,NA,NA,NA,NA,NA,NA,NA,31920
619,NA,NA,18360,NA,NA,NA,NA,NA,NA,NA,NA,NA,NA,NA,20280
620,NA,NA,5640,NA,NA,NA,NA,NA,NA,NA,NA,NA,NA,NA,7500
621,30960,NA,NA,NA,NA,NA,NA,NA,NA,NA,NA,NA,NA,NA,32520
622,NA,NA,NA,NA,NA,NA,NA,NA,NA,NA,NA,NA,NA,NA,6060
623,31500,NA,NA,NA,NA,NA,NA,NA,NA,NA,NA,NA,NA,NA,33060
624,NA,NA,19920,NA,NA,NA,NA,NA,NA,NA,NA,NA,NA,NA,22140
625,NA,NA,63780,NA,NA,NA,NA,NA,NA,NA,NA,NA,NA,NA,64740
627,NA,NA,NA,NA,NA,NA,NA,NA,NA,NA,NA,NA,NA,NA,34140
628,NA,NA,NA,NA,NA,NA,NA,NA,NA,NA,NA,NA,NA,NA,85980
629,NA,NA,NA,NA,NA,NA,NA,NA,62280,NA,NA,NA,NA,NA,467880
630,168900,NA,NA,NA,NA,NA,NA,NA,NA,NA,NA,NA,NA,NA,230220
631,23100,NA,NA,NA,NA,NA,NA,NA,NA,NA,NA,NA,NA,NA,24600
632,23880,NA,300,NA,NA,NA,NA,NA,NA,NA,NA,NA,NA,NA,25560
633,23400,NA,NA,NA,NA,NA,NA,NA,NA,NA,NA,NA,NA,NA,24960
634,21660,NA,120,NA,NA,NA,NA,NA,NA,NA,NA,NA,NA,NA,23340
635,54360,NA,NA,NA,NA,NA,NA,NA,NA,NA,NA,NA,NA,NA,55140
636,137100,NA,NA,NA,NA,NA,NA,NA,NA,NA,NA,NA,NA,NA,138060
637,20580,NA,NA,NA,NA,NA,NA,NA,NA,NA,NA,NA,NA,NA,22320
638,20940,NA,240,NA,NA,NA,NA,NA,NA,NA,NA,NA,NA,NA,22920
639,22980,NA,NA,NA,NA,NA,NA,NA,NA,NA,NA,NA,NA,NA,24480
640,23400,NA,240,NA,NA,NA,NA,NA,NA,NA,NA,NA,NA,NA,25260
641,195000,NA,NA,NA,NA,NA,NA,NA,NA,NA,NA,NA,NA,NA,196560
642,20040,NA,1140,NA,NA,NA,NA,NA,NA,NA,NA,NA,NA,NA,22860
643,24600,NA,NA,NA,NA,NA,NA,NA,NA,NA,NA,NA,NA,NA,25980
644,21060,NA,NA,NA,NA,NA,NA,NA,NA,NA,NA,NA,NA,NA,22680
645,21300,NA,180,NA,NA,NA,NA,NA,NA,NA,NA,NA,NA,NA,22920
646,58860,NA,240,NA,NA,NA,NA,NA,NA,NA,NA,NA,NA,NA,59820
647,88500,NA,NA,NA,NA,NA,NA,NA,NA,NA,NA,NA,NA,NA,88500
648,4320,NA,NA,NA,NA,NA,NA,NA,NA,NA,NA,NA,NA,NA,5160
649,20700,NA,180,NA,NA,NA,NA,NA,NA,NA,NA,NA,NA,NA,22260
650,21300,NA,240,NA,NA,NA,NA,NA,NA,NA,NA,NA,NA,NA,22920
651,20880,NA,NA,NA,NA,NA,NA,NA,NA,NA,NA,NA,NA,NA,22320
652,23880,NA,240,NA,NA,NA,NA,NA,NA,NA,NA,NA,NA,NA,25620
653,61320,NA,240,NA,NA,NA,NA,NA,NA,NA,NA,NA,NA,NA,62520
654,85020,NA,NA,NA,NA,NA,NA,NA,NA,NA,NA,NA,NA,NA,85020
655,16980,NA,120,NA,NA,NA,NA,NA,NA,NA,NA,NA,NA,NA,21000
656,NA,NA,NA,NA,NA,NA,NA,NA,NA,NA,NA,NA,NA,NA,3840
657,NA,NA,NA,NA,NA,NA,NA,NA,NA,NA,NA,NA,NA,NA,3480
658,NA,NA,NA,NA,NA,NA,NA,NA,NA,NA,NA,NA,NA,NA,3600
659,NA,NA,NA,NA,NA,NA,NA,NA,NA,NA,NA,NA,NA,NA,6720
660,NA,NA,NA,NA,NA,NA,NA,NA,NA,NA,NA,NA,NA,NA,3780
661,NA,NA,NA,NA,NA,NA,NA,NA,NA,NA,NA,NA,NA,NA,7200
662,NA,NA,NA,NA,NA,NA,NA,NA,NA,NA,NA,NA,NA,NA,3660
663,NA,NA,NA,NA,NA,NA,NA,NA,NA,NA,NA,NA,NA,NA,6540
664,NA,NA,NA,NA,NA,NA,NA,NA,NA,NA,NA,NA,NA,NA,3840
665,NA,NA,NA,NA,NA,NA,NA,NA,NA,NA,NA,NA,NA,NA,6540
666,NA,NA,NA,NA,NA,NA,NA,NA,NA,NA,NA,NA,NA,NA,3660
667,NA,NA,NA,NA,NA,NA,NA,NA,NA,NA,NA,NA,NA,NA,5580
668,NA,NA,NA,NA,NA,NA,NA,NA,NA,NA,NA,NA,NA,NA,3300
669,NA,NA,NA,NA,NA,NA,NA,NA,NA,NA,NA,NA,NA,NA,7080
670,NA,NA,NA,NA,NA,NA,NA,NA,NA,NA,NA,NA,NA,NA,2940
671,NA,NA,NA,NA,NA,NA,NA,NA,NA,NA,NA,NA,NA,NA,3900
672,NA,NA,NA,NA,NA,NA,NA,NA,NA,NA,NA,NA,NA,NA,4140
673,NA,NA,NA,NA,NA,NA,NA,NA,NA,NA,NA,NA,NA,NA,7440
674,NA,NA,NA,NA,NA,NA,NA,NA,NA,NA,NA,NA,NA,NA,3660
675,NA,NA,NA,NA,NA,NA,NA,NA,NA,NA,NA,NA,NA,NA,6540
676,NA,NA,NA,NA,NA,NA,NA,NA,NA,NA,NA,NA,NA,NA,3900
677,NA,NA,NA,NA,NA,NA,NA,NA,NA,NA,NA,NA,NA,NA,4560
678,NA,NA,NA,NA,NA,NA,NA,NA,NA,NA,NA,NA,NA,NA,3780
679,NA,NA,NA,NA,NA,NA,NA,NA,NA,NA,NA,NA,NA,NA,5460
680,NA,NA,NA,NA,NA,NA,NA,NA,NA,NA,NA,NA,NA,NA,4020
681,NA,NA,NA,NA,NA,NA,NA,NA,NA,NA,NA,NA,NA,NA,6720
682,NA,NA,NA,NA,NA,NA,NA,NA,NA,NA,NA,NA,NA,NA,3360
683,NA,NA,NA,NA,NA,NA,NA,NA,NA,NA,NA,NA,NA,NA,7500
684,NA,NA,NA,NA,NA,NA,NA,NA,NA,NA,NA,NA,NA,NA,3180
685,NA,NA,NA,NA,NA,NA,NA,NA,NA,NA,NA,NA,NA,NA,3480
686,NA,NA,NA,NA,NA,NA,NA,NA,NA,NA,NA,NA,NA,NA,3660
687,NA,NA,NA,NA,NA,NA,NA,NA,NA,NA,NA,NA,NA,NA,7080
688,NA,NA,NA,NA,NA,NA,NA,NA,NA,NA,NA,NA,NA,NA,3960
689,NA,NA,NA,NA,NA,NA,NA,NA,NA,NA,NA,NA,NA,NA,6180
690,NA,NA,NA,NA,NA,NA,NA,NA,NA,NA,NA,NA,NA,NA,3780
691,NA,NA,NA,NA,NA,NA,NA,NA,NA,NA,NA,NA,NA,NA,6480
692,NA,NA,NA,NA,NA,NA,NA,NA,NA,NA,NA,NA,NA,NA,4500
693,NA,NA,NA,NA,NA,NA,NA,NA,NA,NA,NA,NA,NA,NA,6120
694,NA,NA,NA,NA,NA,NA,NA,NA,NA,NA,NA,NA,NA,NA,4200
695,NA,NA,NA,NA,NA,NA,NA,NA,NA,NA,NA,NA,NA,NA,7200
696,NA,NA,NA,NA,NA,NA,NA,NA,NA,NA,NA,NA,NA,NA,3900
697,NA,NA,NA,NA,NA,NA,NA,NA,NA,NA,NA,NA,NA,NA,6240
698,NA,NA,NA,NA,NA,NA,NA,NA,NA,NA,NA,NA,NA,NA,3300
699,NA,NA,NA,NA,NA,NA,NA,NA,NA,NA,NA,NA,NA,NA,3600
700,NA,NA,NA,NA,NA,NA,NA,NA,NA,NA,NA,NA,NA,NA,4200
701,NA,NA,NA,NA,NA,NA,NA,NA,NA,NA,NA,NA,NA,NA,6660
702,NA,NA,NA,NA,NA,NA,NA,NA,NA,NA,NA,NA,NA,NA,3780
703,NA,NA,NA,NA,NA,NA,NA,NA,NA,NA,NA,NA,NA,NA,6000
704,NA,NA,NA,NA,NA,NA,NA,NA,NA,NA,NA,NA,NA,NA,3240
705,NA,NA,NA,NA,NA,NA,NA,NA,NA,NA,NA,NA,NA,NA,480
709,NA,NA,NA,NA,NA,NA,NA,NA,NA,NA,NA,NA,NA,NA,6480
710,NA,NA,NA,NA,NA,NA,NA,NA,NA,NA,NA,NA,NA,NA,3840
711,NA,NA,NA,NA,NA,NA,NA,NA,NA,NA,NA,NA,NA,NA,5520
712,NA,NA,NA,NA,NA,NA,NA,NA,NA,NA,NA,NA,NA,NA,540
714,NA,NA,NA,NA,NA,NA,NA,NA,NA,NA,NA,NA,NA,NA,6600
716,NA,NA,NA,NA,NA,NA,NA,NA,NA,NA,NA,NA,NA,NA,3300
717,NA,NA,NA,NA,NA,NA,NA,NA,NA,NA,NA,NA,NA,NA,3720
718,NA,NA,NA,NA,NA,NA,NA,NA,61380,NA,NA,NA,NA,NA,684120
719,NA,NA,NA,NA,6600,NA,NA,NA,NA,NA,NA,NA,NA,NA,1806060
720,NA,NA,NA,NA,NA,NA,NA,NA,NA,NA,NA,NA,NA,NA,99360
722,NA,NA,20220,NA,NA,NA,NA,NA,NA,NA,NA,NA,NA,NA,36120
723,NA,NA,NA,NA,NA,NA,NA,NA,NA,NA,NA,NA,NA,NA,6240
724,NA,NA,NA,NA,NA,NA,NA,NA,NA,NA,NA,NA,NA,NA,32400
725,NA,NA,NA,NA,NA,NA,NA,NA,NA,NA,NA,NA,NA,NA,11580
726,NA,NA,NA,NA,NA,NA,NA,NA,NA,NA,NA,NA,NA,NA,21660
727,NA,NA,NA,NA,NA,NA,NA,NA,NA,NA,NA,NA,NA,NA,33480
728,NA,NA,NA,NA,NA,NA,NA,NA,NA,NA,NA,NA,NA,NA,47880
729,NA,NA,NA,NA,NA,NA,NA,NA,NA,NA,NA,NA,NA,NA,4740
730,NA,NA,NA,NA,NA,NA,NA,NA,NA,NA,NA,NA,NA,NA,3180
731,NA,NA,NA,NA,NA,NA,NA,NA,NA,NA,NA,NA,NA,NA,4980
732,NA,NA,NA,NA,NA,NA,NA,NA,NA,NA,NA,NA,NA,NA,3540
733,NA,NA,NA,NA,NA,NA,NA,NA,NA,NA,NA,NA,NA,NA,3480
734,10980,NA,360,NA,NA,NA,NA,NA,NA,NA,NA,NA,NA,NA,12720
735,38040,NA,NA,NA,NA,NA,NA,NA,NA,NA,NA,NA,NA,NA,39600
736,46800,NA,NA,NA,NA,NA,NA,NA,NA,NA,NA,NA,NA,NA,48360
737,46680,NA,NA,NA,NA,NA,NA,NA,NA,NA,NA,NA,NA,NA,48420
738,39900,NA,180,NA,NA,NA,NA,NA,NA,NA,NA,NA,NA,NA,41520
739,NA,NA,NA,NA,NA,NA,NA,NA,NA,NA,NA,NA,NA,NA,3300
740,NA,NA,NA,NA,NA,NA,NA,NA,NA,NA,NA,NA,NA,NA,2820
741,NA,NA,NA,NA,NA,NA,NA,NA,NA,NA,NA,NA,NA,NA,4680
742,NA,NA,NA,NA,NA,NA,NA,NA,NA,NA,NA,NA,NA,NA,3060
743,67860,NA,NA,NA,NA,NA,NA,NA,NA,NA,NA,NA,NA,NA,69300
744,37620,NA,NA,NA,NA,NA,NA,NA,NA,NA,NA,NA,NA,NA,39120
745,NA,NA,NA,NA,NA,NA,NA,NA,NA,NA,NA,NA,NA,NA,45780
746,NA,NA,18540,NA,NA,NA,NA,NA,NA,NA,NA,NA,NA,NA,20100
747,NA,NA,5940,NA,NA,NA,NA,NA,NA,NA,NA,NA,NA,NA,7680
748,28080,NA,NA,NA,NA,NA,NA,NA,NA,NA,NA,NA,NA,NA,29340
749,NA,NA,NA,NA,NA,NA,NA,NA,NA,NA,NA,NA,NA,NA,5160
750,30780,NA,NA,NA,NA,NA,NA,NA,NA,NA,NA,NA,NA,NA,32340
751,NA,NA,18060,NA,NA,NA,NA,NA,NA,NA,NA,NA,NA,NA,19680
752,NA,NA,81120,NA,NA,NA,NA,NA,NA,NA,NA,NA,NA,NA,82800
753,NA,NA,NA,NA,NA,NA,NA,NA,NA,NA,NA,NA,NA,NA,33840
754,NA,NA,NA,NA,NA,NA,NA,NA,NA,NA,NA,NA,NA,NA,12600
755,NA,NA,NA,NA,NA,NA,NA,NA,NA,NA,NA,NA,NA,NA,21480
756,31560,NA,NA,NA,NA,NA,NA,NA,NA,NA,NA,NA,NA,NA,32880
757,NA,NA,19380,NA,NA,NA,NA,NA,NA,NA,NA,NA,NA,NA,21120
758,NA,NA,24420,NA,NA,NA,NA,NA,NA,NA,NA,NA,NA,NA,25800
759,4920,NA,NA,NA,NA,NA,NA,NA,NA,NA,NA,NA,NA,NA,6420
760,29220,NA,120,NA,NA,NA,NA,NA,NA,NA,NA,NA,NA,NA,30720
761,NA,NA,NA,NA,NA,NA,NA,NA,NA,NA,NA,NA,NA,NA,33900
762,NA,NA,NA,NA,NA,NA,NA,NA,NA,NA,NA,NA,NA,NA,5040
763,NA,NA,NA,NA,NA,NA,NA,NA,NA,NA,NA,NA,NA,NA,21300
764,NA,NA,NA,13140,NA,NA,NA,NA,NA,NA,NA,NA,NA,NA,23400
765,NA,NA,NA,16200,NA,NA,NA,NA,NA,NA,NA,NA,NA,NA,19200
766,NA,NA,NA,15900,NA,NA,NA,NA,NA,NA,NA,NA,NA,NA,18780
767,NA,NA,NA,17160,NA,NA,NA,NA,NA,NA,NA,NA,NA,NA,19920
769,NA,NA,NA,77100,NA,NA,NA,NA,NA,NA,NA,NA,NA,NA,81240
770,NA,NA,NA,52260,NA,NA,NA,NA,NA,NA,NA,NA,NA,NA,54600
771,NA,NA,NA,48720,NA,NA,NA,NA,NA,NA,NA,NA,NA,NA,51120
772,NA,NA,NA,74460,NA,NA,NA,NA,NA,NA,NA,NA,NA,NA,79620
773,NA,NA,NA,360,NA,NA,NA,NA,NA,NA,NA,NA,NA,NA,1440
774,NA,NA,NA,17760,NA,NA,NA,NA,NA,NA,NA,NA,NA,NA,18840
775,NA,NA,NA,41460,NA,NA,NA,NA,NA,NA,NA,NA,NA,NA,44580
776,NA,NA,5160,17760,NA,NA,NA,NA,NA,NA,NA,NA,NA,NA,27300
777,NA,NA,18420,NA,NA,NA,NA,NA,NA,NA,NA,NA,NA,NA,20580
778,NA,NA,25920,NA,NA,NA,NA,NA,NA,NA,NA,NA,NA,NA,27900
779,21000,NA,NA,NA,NA,NA,NA,NA,NA,NA,NA,NA,NA,NA,22500
780,NA,NA,NA,NA,NA,NA,NA,NA,NA,NA,NA,NA,NA,NA,3660
781,NA,NA,5280,NA,NA,NA,NA,NA,NA,NA,NA,NA,NA,NA,7560
782,NA,NA,17520,NA,NA,NA,NA,NA,NA,NA,NA,NA,NA,NA,19980
783,NA,NA,23580,NA,NA,NA,NA,NA,NA,NA,NA,NA,NA,NA,25800
784,18540,NA,NA,NA,NA,NA,NA,NA,NA,NA,NA,NA,NA,NA,20160
785,NA,NA,NA,NA,NA,NA,NA,NA,NA,NA,NA,NA,NA,NA,3600
786,NA,NA,4860,NA,NA,NA,NA,NA,NA,NA,NA,NA,NA,NA,6960
787,NA,NA,18780,NA,NA,NA,NA,NA,NA,NA,NA,NA,NA,NA,21000
788,8040,NA,NA,NA,NA,NA,NA,NA,NA,NA,NA,NA,NA,NA,9900
789,33960,NA,240,NA,NA,NA,NA,NA,NA,NA,NA,NA,NA,NA,36120
790,NA,NA,NA,NA,NA,NA,NA,NA,NA,NA,NA,NA,NA,NA,4020
791,NA,NA,5700,NA,NA,NA,NA,NA,NA,NA,NA,NA,NA,NA,7980
792,NA,NA,18420,NA,NA,NA,NA,NA,NA,NA,NA,NA,NA,NA,20640
793,9480,NA,NA,NA,NA,NA,NA,NA,NA,NA,NA,NA,NA,NA,11280
794,28980,NA,NA,NA,NA,NA,NA,NA,NA,NA,NA,NA,NA,NA,35520
795,NA,NA,NA,NA,NA,NA,NA,NA,NA,NA,NA,NA,NA,NA,3600
796,NA,NA,5040,NA,NA,NA,NA,NA,NA,NA,NA,NA,NA,NA,7680
797,NA,NA,18000,NA,NA,NA,NA,132420,NA,NA,NA,NA,NA,NA,158640
798,NA,NA,NA,NA,NA,NA,NA,134040,NA,NA,NA,NA,NA,NA,136800
799,NA,NA,NA,NA,NA,NA,NA,134700,NA,NA,NA,NA,NA,NA,137160
800,NA,NA,NA,NA,NA,NA,NA,134340,NA,NA,NA,NA,NA,NA,137100
801,NA,NA,NA,NA,NA,NA,NA,39660,NA,NA,NA,NA,NA,NA,41100
802,NA,NA,NA,13020,NA,NA,NA,14520,99540,NA,NA,NA,NA,NA,673020
803,NA,NA,NA,72060,NA,NA,NA,NA,NA,NA,NA,NA,NA,NA,74460
804,NA,NA,NA,52200,NA,NA,NA,NA,NA,NA,NA,NA,NA,NA,53160
805,NA,NA,NA,45360,NA,NA,NA,NA,NA,NA,NA,NA,NA,NA,47100
806,NA,NA,NA,82860,NA,NA,NA,NA,NA,NA,NA,NA,NA,NA,82860
807,NA,NA,NA,29040,NA,NA,NA,NA,NA,NA,NA,NA,NA,632280,661320
808,NA,NA,NA,NA,NA,NA,NA,NA,NA,NA,NA,NA,2520,1800780,1808040
809,NA,NA,NA,NA,NA,NA,NA,NA,NA,NA,NA,NA,3060,259500,274200
810,NA,NA,NA,NA,NA,NA,NA,NA,NA,NA,NA,NA,NA,1260,2160
812,NA,NA,NA,NA,NA,NA,NA,NA,NA,NA,NA,NA,1080,17520,21180
813,NA,NA,NA,NA,NA,NA,NA,NA,NA,NA,NA,NA,NA,6060,9180
815,NA,NA,NA,NA,NA,NA,NA,NA,NA,NA,NA,NA,NA,1200,2640
816,NA,NA,NA,NA,NA,NA,NA,NA,NA,NA,NA,NA,NA,240,1320
817,NA,NA,NA,NA,NA,NA,NA,NA,NA,NA,NA,NA,NA,7500,13800
818,NA,NA,NA,NA,NA,NA,NA,NA,NA,NA,NA,NA,NA,1920,3780
819,NA,NA,NA,NA,NA,NA,NA,NA,NA,NA,NA,NA,68400,NA,68400
820,NA,NA,NA,NA,NA,NA,NA,NA,NA,NA,NA,NA,34920,NA,34920
821,NA,NA,NA,NA,NA,NA,NA,NA,NA,NA,NA,NA,10080,NA,10080
822,NA,NA,NA,NA,NA,NA,NA,NA,NA,NA,NA,NA,9360,NA,9360
823,NA,NA,NA,NA,NA,NA,NA,NA,NA,NA,NA,NA,13320,NA,13320
824,NA,NA,NA,NA,NA,NA,NA,NA,NA,NA,NA,NA,10080,NA,10080
827,NA,NA,NA,NA,NA,NA,NA,NA,NA,NA,NA,NA,50040,NA,50040
828,NA,NA,NA,NA,NA,NA,NA,NA,NA,NA,NA,NA,9000,NA,9000
829,NA,NA,NA,NA,NA,NA,NA,NA,NA,NA,NA,NA,30960,NA,30960
830,NA,NA,NA,NA,NA,NA,NA,NA,NA,NA,NA,NA,13680,NA,13680
831,NA,NA,NA,NA,NA,NA,NA,NA,NA,NA,NA,NA,15480,NA,15480
832,NA,NA,NA,NA,NA,NA,NA,NA,NA,NA,NA,NA,10440,NA,10440
833,NA,NA,NA,NA,NA,NA,NA,NA,NA,NA,NA,NA,31680,NA,31680
835,NA,NA,NA,NA,NA,NA,NA,NA,NA,NA,NA,NA,142920,NA,142920
836,NA,NA,NA,NA,NA,NA,NA,NA,NA,NA,NA,NA,54240,NA,54240
838,NA,NA,NA,NA,NA,NA,NA,NA,NA,NA,NA,NA,19800,NA,19800
839,NA,NA,NA,NA,NA,NA,NA,NA,NA,NA,NA,NA,34920,NA,34920
842,NA,NA,NA,NA,NA,NA,NA,NA,NA,NA,NA,NA,63000,NA,63000
843,NA,NA,NA,NA,NA,NA,NA,NA,NA,NA,NA,NA,14640,NA,14640
844,NA,NA,NA,NA,NA,NA,NA,NA,NA,NA,NA,NA,100440,NA,100440
845,NA,NA,NA,NA,NA,NA,NA,NA,NA,NA,NA,NA,24480,NA,24480
847,NA,NA,NA,NA,NA,NA,NA,NA,NA,NA,NA,NA,36000,NA,36000
848,NA,NA,NA,NA,NA,NA,NA,NA,NA,NA,NA,NA,13320,NA,13320
849,NA,NA,NA,NA,NA,NA,NA,NA,NA,NA,NA,NA,77400,NA,77400
851,NA,NA,NA,NA,NA,NA,NA,NA,NA,NA,NA,NA,130020,NA,130020
852,NA,NA,NA,NA,NA,NA,NA,NA,NA,NA,NA,NA,22260,NA,22260
853,NA,NA,NA,NA,NA,NA,NA,NA,NA,NA,NA,NA,11880,NA,11880
854,NA,NA,NA,NA,NA,NA,NA,NA,NA,NA,NA,NA,89280,NA,89280
856,NA,NA,NA,NA,NA,NA,NA,NA,NA,NA,NA,NA,40380,NA,40380
859,NA,NA,NA,NA,NA,NA,NA,NA,NA,NA,NA,NA,54420,NA,54420
862,NA,NA,NA,NA,NA,NA,NA,NA,NA,NA,NA,NA,29520,NA,29520
863,NA,NA,NA,NA,NA,NA,NA,NA,NA,NA,NA,NA,11880,NA,11880
864,NA,NA,NA,NA,NA,NA,NA,NA,NA,NA,NA,NA,14760,NA,14760
865,NA,NA,NA,NA,NA,NA,NA,NA,NA,NA,NA,NA,16560,NA,16560
868,NA,NA,NA,NA,NA,NA,NA,NA,NA,NA,NA,NA,8640,NA,8640
869,NA,NA,NA,NA,NA,NA,NA,NA,NA,NA,NA,NA,43920,NA,43920
871,NA,NA,NA,NA,NA,NA,NA,NA,NA,NA,NA,NA,13320,NA,13320
872,NA,NA,NA,NA,NA,NA,NA,NA,NA,NA,NA,NA,10080,NA,10080
873,NA,NA,NA,NA,NA,NA,NA,NA,NA,NA,NA,NA,13680,NA,13680
875,NA,NA,NA,NA,NA,NA,NA,NA,NA,NA,NA,NA,20880,NA,20880
879,NA,NA,NA,NA,NA,NA,NA,NA,NA,NA,NA,NA,24480,NA,24480
881,NA,NA,NA,NA,NA,NA,NA,NA,NA,NA,NA,NA,74760,NA,74760
895,NA,NA,NA,NA,NA,NA,NA,NA,NA,NA,NA,NA,43980,NA,45420
896,NA,NA,NA,NA,NA,NA,NA,NA,NA,NA,NA,NA,1080,NA,2640
899,NA,NA,NA,NA,NA,NA,NA,NA,NA,NA,NA,NA,23820,NA,23820
902,NA,NA,NA,NA,NA,NA,NA,NA,NA,NA,NA,NA,17760,NA,17760
903,NA,NA,NA,NA,NA,NA,NA,NA,NA,NA,NA,NA,16380,NA,16380
907,NA,NA,NA,NA,NA,NA,NA,NA,NA,NA,NA,NA,17040,NA,17040
908,NA,NA,NA,NA,NA,NA,NA,NA,NA,NA,NA,NA,27660,NA,27660
909,NA,NA,NA,NA,NA,NA,NA,NA,NA,NA,NA,NA,13500,NA,13500
914,NA,NA,NA,NA,NA,NA,NA,NA,NA,NA,NA,NA,13140,NA,13140
916,NA,NA,NA,NA,NA,NA,NA,NA,NA,NA,NA,NA,17640,NA,19980
918,NA,NA,NA,NA,NA,NA,NA,NA,NA,NA,NA,NA,NA,10320,12240
919,NA,NA,NA,NA,NA,NA,NA,NA,NA,NA,NA,NA,NA,NA,1680
920,NA,NA,58560,NA,NA,NA,NA,NA,NA,NA,NA,NA,1260,8220,203340
921,NA,NA,NA,NA,7560,NA,NA,NA,49260,NA,27540,NA,NA,NA,238560
922,NA,NA,NA,NA,327300,NA,NA,NA,NA,NA,NA,NA,NA,NA,327300
923,NA,NA,NA,NA,84480,NA,NA,NA,NA,NA,NA,NA,NA,NA,84480
924,NA,NA,NA,NA,1624680,NA,NA,NA,NA,NA,NA,NA,NA,NA,1624680
925,NA,NA,NA,NA,97200,NA,NA,NA,NA,NA,NA,NA,NA,NA,97200
927,NA,84600,120,NA,135240,NA,NA,NA,26400,NA,NA,NA,23580,NA,454980
928,NA,NA,NA,NA,NA,NA,NA,NA,NA,NA,NA,NA,8040,NA,194160
931,NA,NA,NA,NA,26160,NA,NA,29400,NA,NA,NA,NA,4260,NA,237300
932,NA,NA,NA,NA,397020,NA,NA,NA,NA,NA,NA,NA,NA,NA,397020
933,NA,NA,NA,NA,614160,NA,NA,NA,NA,NA,NA,NA,NA,NA,964380
934,NA,NA,NA,NA,117420,NA,NA,NA,NA,NA,54240,NA,NA,NA,230880
935,NA,NA,NA,NA,NA,NA,NA,NA,NA,NA,NA,NA,NA,NA,3540
936,NA,NA,NA,NA,NA,NA,NA,196560,NA,NA,NA,NA,NA,NA,447360
937,NA,NA,24660,NA,NA,NA,NA,310080,NA,NA,NA,NA,NA,NA,1264200
938,NA,NA,NA,NA,24900,NA,NA,52380,NA,NA,NA,NA,NA,NA,227220
939,NA,NA,NA,NA,NA,NA,NA,42000,NA,NA,NA,NA,NA,NA,166560
940,NA,NA,12360,NA,NA,NA,NA,19380,NA,NA,NA,NA,NA,NA,369240
941,NA,NA,NA,NA,NA,NA,NA,158760,NA,NA,NA,NA,NA,NA,1205280
942,NA,NA,17700,19380,NA,NA,NA,75240,NA,NA,NA,NA,NA,NA,414540
943,NA,NA,NA,1200,22260,NA,NA,14400,NA,NA,NA,NA,NA,NA,310620
944,NA,NA,220080,NA,NA,NA,NA,NA,NA,NA,NA,NA,NA,NA,356580
945,NA,NA,NA,NA,NA,NA,NA,NA,NA,NA,NA,NA,NA,NA,168000
946,NA,NA,NA,NA,4140,NA,NA,NA,NA,NA,NA,NA,NA,NA,418080
947,NA,NA,NA,NA,1080,NA,NA,NA,NA,96360,NA,628560,NA,NA,1179120
948,NA,NA,NA,NA,NA,NA,NA,NA,NA,NA,NA,1264020,NA,NA,1264020
949,NA,NA,NA,NA,NA,NA,NA,NA,NA,NA,NA,33900,NA,NA,33900
950,NA,NA,NA,NA,9360,NA,NA,NA,NA,NA,NA,119100,NA,NA,131160
951,NA,NA,NA,NA,360,NA,NA,NA,NA,NA,NA,NA,NA,NA,798060
952,NA,NA,NA,NA,161520,NA,NA,NA,NA,NA,NA,NA,NA,NA,162240
953,NA,NA,NA,NA,78360,NA,NA,NA,NA,NA,NA,NA,NA,NA,323880
954,120,39960,120,NA,NA,NA,NA,NA,NA,NA,NA,NA,NA,NA,402420
955,NA,75060,NA,NA,NA,NA,NA,35400,26580,NA,NA,NA,50940,NA,280920
956,NA,NA,NA,NA,NA,NA,470400,NA,NA,4380,168720,NA,NA,NA,1034880
957,NA,120420,NA,NA,NA,NA,NA,NA,NA,NA,15780,NA,NA,NA,310320
958,NA,NA,NA,NA,NA,NA,NA,NA,NA,NA,NA,NA,NA,NA,12900
959,NA,NA,NA,NA,1347060,NA,NA,NA,NA,NA,NA,NA,NA,NA,1351980
960,NA,26820,170040,NA,118800,NA,NA,NA,NA,NA,NA,NA,NA,NA,321780
962,NA,12960,78120,NA,NA,NA,NA,14040,NA,NA,NA,NA,NA,NA,252540
963,NA,NA,28140,NA,NA,NA,NA,NA,NA,NA,48060,NA,NA,NA,136500
964,NA,NA,NA,NA,NA,NA,NA,NA,NA,NA,NA,NA,NA,NA,99000
965,NA,NA,53580,NA,NA,NA,NA,NA,NA,NA,NA,NA,NA,NA,177900
966,NA,NA,121380,NA,NA,NA,NA,NA,NA,NA,NA,NA,NA,NA,126000
967,NA,NA,55320,NA,NA,NA,NA,NA,NA,NA,23460,NA,NA,NA,232260
968,NA,NA,NA,NA,NA,NA,NA,12360,NA,NA,NA,NA,NA,NA,168360
969,NA,NA,21600,NA,NA,NA,NA,135120,NA,NA,NA,NA,NA,NA,390720
970,NA,NA,21660,NA,NA,NA,NA,711960,NA,NA,NA,NA,NA,NA,1539180
971,NA,NA,NA,NA,NA,NA,NA,NA,NA,NA,NA,NA,NA,NA,98580
972,NA,NA,NA,NA,360,NA,NA,18720,NA,NA,NA,NA,NA,NA,332100
974,NA,NA,NA,NA,240,NA,NA,NA,NA,NA,NA,NA,5100,NA,51720
975,NA,NA,NA,NA,NA,NA,NA,NA,NA,80340,NA,NA,294060,NA,719220
976,NA,NA,NA,NA,NA,NA,NA,NA,NA,NA,NA,NA,1817700,NA,1817700
977,NA,NA,NA,NA,NA,NA,NA,NA,NA,NA,NA,NA,99720,NA,99720
978,NA,NA,NA,NA,NA,NA,NA,NA,NA,NA,NA,NA,648240,NA,648240
979,NA,NA,NA,NA,NA,NA,NA,NA,NA,NA,NA,NA,649140,NA,649140
980,NA,NA,NA,NA,NA,NA,NA,NA,NA,NA,NA,NA,359580,NA,362700
981,NA,NA,NA,NA,NA,NA,NA,NA,NA,NA,NA,NA,8280,NA,8280
989,NA,NA,NA,NA,NA,NA,NA,NA,NA,NA,NA,NA,947820,NA,947820
990,NA,NA,NA,NA,NA,NA,NA,NA,NA,NA,NA,NA,41040,NA,41040
991,NA,NA,NA,NA,NA,NA,NA,NA,NA,NA,NA,NA,467100,NA,467100
992,NA,NA,NA,NA,NA,NA,NA,NA,NA,NA,NA,NA,99900,NA,99900
995,NA,NA,NA,NA,NA,NA,NA,NA,NA,NA,NA,NA,33840,NA,33840
996,NA,NA,NA,NA,NA,NA,NA,NA,NA,NA,NA,NA,15660,NA,15660
997,NA,NA,NA,NA,NA,NA,NA,NA,NA,NA,NA,NA,42480,NA,42480
998,NA,NA,NA,NA,NA,NA,NA,NA,NA,NA,NA,NA,41280,NA,41280
999,NA,NA,NA,NA,NA,NA,NA,NA,NA,NA,NA,NA,26460,NA,26460
1000,NA,NA,NA,NA,NA,NA,NA,NA,NA,NA,NA,NA,15300,NA,15300
1001,NA,NA,NA,NA,NA,NA,NA,NA,NA,NA,NA,NA,20160,NA,20160
1002,NA,NA,NA,NA,NA,NA,NA,NA,NA,NA,NA,NA,12840,NA,12840
1003,NA,NA,NA,NA,NA,NA,NA,NA,NA,NA,NA,NA,26640,NA,26640
1004,NA,NA,NA,NA,NA,NA,NA,NA,NA,NA,NA,NA,21600,NA,21600
1005,NA,NA,NA,NA,NA,NA,NA,NA,NA,NA,NA,NA,32760,NA,32760
1008,NA,NA,NA,NA,NA,NA,NA,NA,NA,NA,NA,NA,430080,NA,433380
1010,NA,NA,NA,NA,NA,5040,NA,21120,NA,NA,NA,NA,NA,NA,35580
1012,NA,NA,NA,NA,NA,78180,NA,NA,NA,NA,NA,NA,NA,NA,78180
1014,NA,NA,NA,NA,NA,49920,NA,NA,NA,NA,NA,NA,NA,NA,49920
1015,NA,NA,NA,NA,NA,704340,NA,NA,NA,NA,NA,NA,NA,NA,704340
1016,NA,NA,NA,NA,NA,1108680,NA,NA,NA,NA,NA,NA,NA,NA,1108680
1017,NA,NA,NA,NA,NA,118320,NA,NA,NA,NA,NA,NA,NA,NA,751020
1018,NA,NA,NA,NA,NA,NA,NA,NA,NA,NA,NA,NA,NA,NA,194580
1019,NA,NA,NA,NA,NA,7560,NA,NA,NA,NA,NA,NA,NA,NA,1294440
1020,NA,NA,NA,NA,NA,65520,NA,NA,NA,NA,NA,NA,NA,NA,66060
1023,NA,NA,NA,NA,NA,77400,NA,NA,NA,NA,NA,NA,NA,NA,77400
1024,NA,NA,NA,NA,NA,79020,NA,NA,NA,NA,NA,NA,NA,NA,79020
1025,NA,NA,NA,NA,NA,68940,NA,NA,NA,NA,NA,NA,NA,NA,68940
1026,NA,NA,NA,NA,NA,8820,NA,NA,NA,NA,NA,NA,NA,NA,8820
1028,NA,NA,NA,NA,NA,91800,NA,NA,NA,NA,NA,NA,NA,NA,91800
1030,NA,NA,NA,NA,NA,7740,NA,NA,NA,NA,NA,NA,NA,NA,7740
1032,NA,NA,NA,NA,NA,NA,NA,NA,NA,NA,NA,NA,NA,NA,6900
1033,NA,NA,NA,NA,NA,NA,NA,NA,NA,NA,NA,NA,NA,NA,135300
1034,NA,NA,NA,NA,NA,NA,NA,NA,NA,152340,NA,NA,NA,NA,195300
1035,NA,NA,NA,NA,NA,NA,NA,NA,NA,NA,NA,NA,NA,NA,18000
1036,NA,NA,NA,NA,NA,NA,NA,NA,NA,NA,NA,NA,NA,NA,86940
1037,NA,NA,NA,NA,NA,NA,NA,NA,NA,144060,NA,NA,NA,NA,159180
1038,NA,82020,NA,NA,NA,NA,NA,NA,NA,375360,NA,NA,NA,NA,787800
1039,NA,NA,NA,NA,NA,537960,NA,NA,NA,NA,NA,NA,NA,NA,679500
1040,NA,NA,NA,NA,NA,92340,NA,NA,NA,NA,NA,NA,NA,NA,92340
1041,NA,NA,NA,NA,NA,1483380,NA,NA,NA,NA,NA,NA,NA,NA,1486260
1042,NA,NA,NA,NA,NA,323100,NA,NA,NA,NA,NA,NA,NA,NA,323100
1043,NA,NA,NA,NA,NA,98640,NA,NA,NA,NA,NA,NA,NA,NA,98640
1044,NA,NA,NA,NA,NA,17820,NA,NA,NA,NA,NA,NA,NA,NA,40440
1045,NA,NA,20880,NA,NA,NA,NA,NA,25620,NA,NA,NA,NA,NA,51660
1046,NA,NA,118920,NA,NA,NA,NA,NA,NA,NA,NA,NA,NA,NA,121140
1047,NA,NA,188040,NA,NA,NA,20160,NA,NA,NA,NA,NA,NA,NA,311400
1048,NA,NA,NA,NA,NA,NA,NA,NA,NA,288960,NA,NA,NA,NA,385980
1050,NA,NA,NA,NA,NA,NA,NA,NA,NA,20880,NA,NA,NA,NA,22080
1053,NA,NA,NA,NA,NA,NA,NA,NA,NA,NA,39180,NA,NA,NA,273840
1054,NA,NA,NA,NA,NA,NA,6660,NA,NA,NA,NA,NA,NA,NA,8640
1055,NA,NA,NA,NA,NA,NA,116460,NA,NA,NA,NA,NA,NA,NA,128640
1056,NA,NA,NA,NA,NA,632580,NA,NA,NA,260640,NA,NA,NA,NA,929640
1057,NA,NA,NA,NA,NA,1036560,NA,NA,NA,NA,NA,NA,NA,NA,1036560
1058,NA,NA,NA,NA,NA,779820,NA,NA,NA,NA,NA,NA,NA,NA,779820
1059,NA,NA,NA,NA,NA,118020,NA,NA,NA,NA,NA,NA,NA,NA,124620
1066,NA,NA,NA,NA,NA,NA,NA,NA,NA,NA,NA,NA,NA,NA,62220
1068,NA,119820,NA,NA,NA,NA,NA,NA,NA,NA,NA,NA,NA,NA,258840
1076,NA,NA,NA,NA,NA,NA,NA,NA,NA,597720,NA,NA,NA,NA,614040
1077,NA,NA,NA,93960,NA,NA,NA,NA,NA,863280,NA,NA,NA,NA,1817400
1078,NA,NA,NA,NA,NA,NA,NA,NA,NA,146760,NA,NA,NA,NA,266460
1079,NA,NA,NA,NA,NA,NA,NA,NA,NA,720300,NA,NA,NA,NA,722760
1080,NA,NA,NA,NA,NA,NA,NA,NA,NA,63240,NA,NA,NA,NA,63240
1081,NA,NA,NA,NA,NA,NA,NA,NA,NA,295920,NA,NA,NA,NA,295920
1082,NA,NA,NA,NA,NA,NA,NA,NA,NA,125700,NA,NA,NA,NA,125700
1083,NA,NA,NA,NA,862740,NA,NA,NA,NA,24840,NA,NA,NA,NA,889980
1084,NA,NA,NA,NA,96660,NA,NA,NA,NA,NA,NA,NA,NA,NA,96660
1086,NA,NA,NA,NA,17820,NA,NA,NA,NA,NA,NA,NA,300,NA,19020
1087,NA,NA,NA,NA,NA,NA,NA,NA,NA,NA,NA,NA,18000,NA,18000
1088,NA,NA,NA,NA,NA,NA,NA,NA,NA,NA,9180,NA,NA,NA,83460
1089,NA,41100,NA,NA,NA,NA,NA,16860,NA,NA,12300,156180,NA,NA,239880
1090,NA,NA,NA,NA,NA,NA,NA,NA,NA,NA,NA,1818180,NA,NA,1818180
1091,NA,NA,NA,NA,NA,NA,NA,NA,NA,NA,NA,97680,NA,NA,97680
1093,NA,NA,113640,NA,NA,NA,NA,NA,NA,NA,NA,10440,NA,NA,130620
1094,NA,NA,144180,NA,NA,NA,NA,NA,NA,NA,NA,NA,NA,NA,778740
1095,NA,NA,NA,NA,NA,NA,NA,NA,NA,NA,NA,NA,NA,NA,1817400
1096,NA,NA,124320,NA,37680,NA,NA,NA,NA,NA,NA,NA,NA,NA,348960
1097,NA,NA,76440,NA,NA,NA,NA,NA,NA,NA,NA,NA,NA,NA,79080
1098,NA,NA,NA,NA,NA,NA,NA,NA,100020,134880,NA,NA,NA,NA,272280
1099,NA,NA,NA,NA,NA,NA,NA,NA,NA,NA,NA,NA,NA,NA,720
1100,NA,17340,NA,NA,NA,NA,NA,NA,NA,NA,16260,NA,NA,NA,1288140
1101,NA,NA,NA,NA,NA,NA,NA,NA,NA,NA,NA,NA,NA,NA,98700
1105,NA,NA,NA,NA,NA,68820,NA,NA,NA,NA,NA,NA,NA,NA,81240
1106,NA,NA,52500,NA,10080,NA,NA,NA,NA,NA,NA,NA,NA,NA,65400
1109,NA,NA,NA,NA,27000,NA,NA,NA,NA,NA,NA,NA,NA,NA,27000
1110,NA,NA,NA,NA,1035660,NA,NA,NA,NA,NA,NA,NA,NA,NA,1035660
1111,NA,NA,63840,NA,119160,NA,NA,NA,NA,NA,NA,NA,NA,NA,186120
1112,NA,NA,61080,NA,NA,NA,NA,NA,27840,NA,NA,NA,NA,NA,103440
1114,NA,NA,268380,70920,NA,NA,NA,NA,NA,NA,NA,NA,NA,NA,377100
1115,NA,NA,NA,NA,NA,NA,NA,NA,NA,145080,NA,NA,NA,NA,172800
1116,NA,NA,NA,51960,NA,NA,NA,NA,NA,NA,NA,NA,NA,NA,108540
1117,NA,NA,NA,NA,NA,52380,NA,NA,NA,NA,NA,NA,NA,NA,54060
1118,NA,NA,87900,NA,NA,13320,NA,NA,NA,NA,NA,NA,NA,NA,103980
1119,NA,NA,29040,NA,NA,NA,NA,NA,NA,NA,NA,NA,NA,NA,54780
1120,120,147180,120,NA,NA,NA,NA,NA,NA,NA,NA,NA,1260,NA,155160
1122,NA,NA,NA,NA,NA,NA,NA,NA,NA,NA,NA,NA,11460,NA,11460
1124,NA,NA,NA,NA,NA,NA,NA,NA,NA,NA,NA,NA,6840,NA,10140
1125,NA,NA,NA,NA,NA,NA,NA,NA,NA,NA,NA,NA,600,NA,37320
1126,NA,NA,72180,NA,NA,94860,NA,NA,NA,820500,NA,NA,NA,NA,1022100
1127,NA,NA,NA,NA,NA,156000,NA,NA,NA,NA,NA,NA,NA,NA,158220
1128,NA,NA,110640,NA,NA,104640,NA,NA,NA,843120,11520,NA,NA,NA,1090260
1129,NA,NA,92160,NA,NA,NA,NA,NA,NA,NA,98280,NA,NA,NA,195660
1130,NA,NA,77820,NA,NA,NA,NA,NA,NA,NA,NA,NA,NA,NA,80580
1131,NA,NA,94860,NA,NA,NA,NA,NA,NA,NA,NA,NA,NA,NA,97680
1132,NA,NA,116400,NA,NA,NA,NA,NA,NA,NA,NA,NA,NA,NA,751380
1133,NA,NA,NA,NA,NA,NA,NA,NA,NA,NA,NA,NA,NA,NA,800880
1134,NA,NA,NA,NA,NA,NA,NA,NA,NA,NA,NA,NA,NA,NA,1818060
1135,NA,NA,NA,NA,NA,NA,NA,NA,NA,NA,NA,NA,NA,NA,134040
1136,NA,NA,NA,NA,7500,328140,NA,NA,NA,NA,NA,NA,NA,NA,381660
1137,NA,NA,NA,NA,NA,113040,NA,NA,NA,153180,NA,NA,NA,NA,302400
1138,NA,NA,NA,NA,NA,48420,NA,NA,NA,203460,NA,NA,NA,NA,256740
1139,NA,NA,NA,NA,NA,228960,NA,NA,NA,NA,NA,NA,NA,NA,228960
1140,NA,NA,NA,NA,NA,210240,NA,NA,NA,NA,NA,NA,NA,NA,210240
1141,NA,NA,NA,NA,2340,20520,NA,NA,NA,NA,NA,NA,NA,NA,26820
1142,NA,NA,NA,NA,NA,NA,NA,NA,NA,NA,NA,NA,NA,NA,767400
1143,NA,NA,NA,NA,NA,NA,NA,NA,NA,NA,NA,NA,NA,NA,25860
1145,NA,NA,NA,NA,NA,NA,NA,NA,NA,NA,NA,NA,NA,NA,19080
1146,NA,NA,NA,NA,NA,NA,NA,NA,NA,NA,NA,NA,NA,NA,13680
1147,NA,NA,NA,NA,NA,NA,NA,NA,NA,NA,NA,NA,NA,NA,15480
1148,NA,NA,NA,NA,NA,345720,NA,NA,NA,NA,NA,NA,NA,NA,357060
1149,NA,NA,NA,NA,2100,329880,NA,NA,NA,NA,NA,NA,NA,NA,550920
1150,NA,NA,NA,NA,240,NA,7740,NA,NA,NA,NA,NA,NA,NA,10500
1151,NA,NA,NA,NA,NA,NA,NA,NA,NA,NA,NA,NA,NA,NA,606120
1152,NA,NA,NA,NA,NA,NA,NA,NA,NA,NA,NA,NA,NA,NA,972060
1153,NA,NA,NA,NA,NA,NA,NA,NA,NA,NA,NA,NA,NA,NA,947940
1154,NA,NA,NA,NA,NA,NA,NA,NA,NA,NA,44520,NA,NA,NA,45840
1155,NA,NA,NA,NA,NA,NA,NA,NA,NA,395460,103620,151320,NA,NA,660300
1156,NA,NA,NA,NA,NA,NA,NA,NA,NA,NA,NA,12780,NA,NA,12780
1161,NA,NA,NA,NA,NA,NA,NA,NA,NA,NA,NA,27000,NA,NA,27000
1162,NA,NA,NA,NA,NA,NA,NA,NA,NA,NA,NA,11700,NA,NA,11700
1164,NA,NA,NA,NA,NA,NA,NA,NA,NA,357900,NA,76020,NA,NA,440160
1166,NA,NA,NA,NA,NA,NA,NA,NA,NA,NA,NA,11880,NA,NA,11880
1168,NA,NA,NA,NA,182940,NA,NA,NA,NA,132060,NA,188340,NA,NA,1001760
1169,NA,NA,NA,NA,NA,NA,NA,NA,NA,NA,NA,NA,NA,NA,510720
1171,NA,NA,NA,NA,660,NA,NA,NA,NA,NA,NA,NA,NA,NA,550020
1172,NA,NA,NA,NA,NA,NA,NA,NA,NA,NA,NA,NA,NA,NA,13740
1173,NA,NA,NA,NA,NA,NA,NA,NA,NA,NA,NA,NA,NA,NA,24900
1174,NA,NA,81060,NA,NA,NA,NA,NA,NA,NA,NA,NA,NA,NA,373500
1175,NA,NA,70740,30900,NA,NA,NA,NA,NA,NA,NA,NA,46800,NA,273960
1176,NA,NA,NA,NA,NA,NA,NA,NA,NA,NA,NA,NA,50040,NA,50040
1177,NA,NA,NA,NA,NA,NA,NA,NA,NA,NA,NA,NA,57780,NA,57780
1178,NA,NA,NA,NA,NA,NA,NA,NA,NA,NA,NA,NA,30960,NA,30960
1179,NA,NA,NA,NA,NA,NA,NA,NA,NA,NA,NA,NA,46080,NA,46080
1182,NA,NA,NA,NA,NA,NA,NA,NA,NA,NA,NA,NA,9000,NA,9000
1184,NA,NA,NA,NA,NA,NA,NA,NA,NA,NA,NA,NA,14760,NA,14760
1186,NA,NA,NA,NA,NA,NA,NA,NA,NA,NA,NA,NA,24780,NA,24780
1189,NA,NA,NA,NA,NA,NA,NA,NA,NA,NA,NA,NA,88800,NA,88800
1190,NA,NA,NA,NA,NA,NA,NA,NA,NA,NA,NA,NA,9000,NA,9000
1193,NA,NA,NA,NA,NA,NA,NA,NA,NA,NA,NA,NA,16560,NA,16560
1194,NA,NA,NA,NA,NA,NA,NA,NA,NA,NA,NA,NA,19080,NA,19080
1195,NA,NA,NA,NA,NA,NA,NA,NA,NA,NA,NA,NA,38880,NA,38880
1196,NA,NA,NA,NA,NA,NA,NA,NA,NA,NA,NA,NA,111060,NA,111060
1204,NA,NA,NA,NA,NA,NA,NA,NA,NA,NA,NA,NA,100380,NA,100380
1205,NA,NA,NA,NA,NA,NA,NA,NA,NA,NA,NA,NA,44220,NA,44220
1206,NA,NA,NA,NA,NA,NA,NA,NA,NA,NA,NA,NA,11160,NA,1647900
1207,NA,NA,NA,NA,NA,NA,NA,NA,186120,NA,NA,NA,NA,NA,421320
1208,NA,NA,NA,NA,NA,NA,NA,NA,NA,NA,NA,NA,NA,NA,10020
1209,NA,NA,NA,NA,NA,NA,NA,NA,NA,268440,NA,NA,NA,NA,556980
1210,NA,NA,NA,21900,NA,NA,NA,NA,NA,NA,14220,22560,NA,NA,146040
1211,240,58860,NA,NA,NA,NA,NA,NA,NA,NA,NA,NA,NA,NA,63360
1212,NA,138120,NA,NA,NA,NA,NA,NA,NA,16320,NA,NA,NA,NA,503160
1216,NA,NA,NA,NA,NA,NA,NA,NA,NA,NA,NA,NA,NA,NA,486600
1217,NA,NA,NA,NA,NA,NA,NA,NA,NA,NA,NA,NA,NA,NA,53460
1218,NA,NA,88980,NA,NA,NA,NA,NA,NA,NA,NA,NA,NA,NA,183060
1221,NA,NA,11760,NA,NA,NA,NA,NA,NA,NA,NA,NA,NA,NA,13560
1222,NA,NA,NA,NA,192960,NA,NA,NA,NA,NA,NA,NA,NA,NA,192960
1223,NA,NA,NA,NA,77700,NA,NA,NA,NA,NA,NA,NA,NA,NA,82080
1224,NA,NA,210900,NA,NA,NA,NA,NA,31680,NA,NA,NA,NA,NA,408300
1226,NA,NA,260220,NA,NA,NA,NA,NA,NA,NA,NA,NA,NA,NA,264540
1227,NA,NA,135780,NA,NA,NA,NA,NA,NA,NA,NA,NA,NA,NA,140100
1228,NA,11940,94620,1860,NA,NA,NA,NA,NA,NA,NA,NA,NA,NA,137100
1230,NA,NA,NA,91260,NA,NA,NA,NA,NA,NA,NA,NA,NA,NA,94620
1231,NA,NA,NA,5460,NA,NA,NA,NA,NA,NA,NA,631320,NA,NA,637920
1232,NA,NA,NA,NA,NA,NA,NA,NA,NA,NA,NA,892560,NA,NA,892560
1233,NA,NA,NA,NA,NA,NA,NA,NA,NA,NA,NA,240660,NA,NA,240660
1234,NA,NA,NA,NA,NA,NA,NA,NA,NA,NA,NA,57540,NA,NA,57540
1235,NA,NA,NA,NA,NA,NA,NA,NA,NA,NA,NA,65280,NA,NA,65280
1237,NA,NA,NA,NA,NA,NA,NA,NA,NA,NA,NA,232800,NA,NA,232800
1239,NA,NA,NA,NA,NA,NA,NA,NA,NA,NA,NA,144060,NA,NA,144060
1241,NA,NA,NA,NA,NA,NA,NA,NA,NA,NA,NA,28020,NA,NA,28020
1243,NA,NA,NA,NA,NA,45840,NA,NA,NA,NA,NA,103020,NA,NA,151740
1244,NA,NA,NA,NA,NA,86700,NA,NA,NA,NA,NA,NA,NA,NA,88620
1245,NA,NA,NA,NA,NA,59700,NA,NA,NA,NA,NA,NA,NA,NA,62280
1246,NA,NA,NA,NA,NA,52500,NA,NA,NA,NA,NA,NA,NA,NA,54660
1249,NA,NA,NA,NA,NA,88140,NA,NA,NA,NA,NA,NA,NA,NA,518940
1250,NA,420,1140,NA,NA,NA,NA,NA,120,NA,NA,NA,780,NA,157920
1251,2640,NA,14160,3840,3660,120,NA,NA,NA,NA,360,120,9060,NA,1517820
1252,660,NA,NA,1260,NA,NA,NA,NA,NA,NA,NA,NA,780,NA,188700
1253,NA,NA,NA,NA,NA,NA,NA,NA,NA,NA,NA,NA,NA,NA,119220
